產業類別,公司代號,公司名稱,非擔任主管職務之全時員工資訊-員工薪資總額(仟元),非擔任主管職務之全時員工資訊-員工人數-年度平均(人),非擔任主管職務之全時員工資訊-員工薪資-平均數(仟元/人)-110年,非擔任主管職務之全時員工資訊-員工薪資-平均數(仟元/人)-109年,非擔任主管職務之全時員工資訊-員工薪資-中位數(仟元/人)-110年,非擔任主管職務之全時員工資訊-員工薪資-中位數(仟元/人)-109年,非擔任主管職務之全時員工資訊-每股盈餘(元/股),同業公司資訊-員工薪資-平均數(仟元/人),同業公司資訊-平均每股盈餘(元/股),薪資統計情形-非經理人之全時員工薪資平均數未達50萬元,薪資統計情形-公司EPS獲利表現較同業為佳，惟非經理人之全時員工薪資平均數低於同業水準,薪資統計情形-公司EPS較前一年度成長，惟非經理人之全時員工薪資平均數較前一年度減少),薪資統計情形-公司經營績效與員工薪酬之關聯性及合理性說明
"農業科技","1240","茂生農經","61741","88","702","707","570","600","3.57","675","3.94","N","N","N","",
"觀光餐旅","1259","安心","541805","966","561","558","516","514","3.07","498","-0.73","N","N","N","",
"食品工業","1264","德麥","204417","266","768","734","694","668","16.19","672","3.08","N","N","N","",
"觀光餐旅","1268","漢來美食","666747","1272","524","518","447","422","2.01","498","-0.73","N","N","N","",
"電子零組件業","1336","台翰","15674","12","1306","814","828","778","1.00","729","2.59","N","N","N","",
"生技醫療業","1565","精華","1879749","2799","672","585","634","549","18.80","714","1.38","N","Y","N","本公司為傳統製造業，直接人員佔有公司人員七成(其中外勞佔全部員工約兩成)，雖然薪資/獎金隨著獲利增加調整，惟可能調整幅度低於同業，故造成非擔任主管職務之全時員工薪資平均數低於同業水準。",
"電腦及週邊設備業","1569","濱川","20983","32","656","653","612","605","2.62","828","5.18","N","N","N","",
"電機機械","1570","力肯","67551","122","554","519","428","406","2.61","664","2.08","N","Y","N","110年子公司不動產被當地政府徵收，相關處分利益佔本公司稅前淨利38%。上述處分利益與台灣員工薪酬調整無關。本公司非主管職務之全時員工「薪資平均數」由109年的519仟元，增至110年的554仟元，適度反應營運績效。",
"電機機械","1580","新麥","76367","75","1018","929","939","908","10.16","664","2.08","N","N","N","",
"其他","1584","精剛","53019","85","624","521","580","459","0.46","669","1.90","N","N","N","",
"電機機械","1586","和勤","87268","136","642","581","571","518","1.29","664","2.08","N","N","N","",
"運動休閒","1593","祺驊","88580","134","661","608","517","490","4.90","712","5.56","N","Y","N","110年員工薪資平均數及中位數均較109年增加；已將經營績效反映於員工薪酬,包括:
(1)今年發放之年終獎金，較前一年增加137萬。(2)今年員工進行調薪，平均調薪幅度約5.8%。(3)109年EPS超過預算，公司加發一個月薪資",
"電子零組件業","1595","川寶","65416","72","909","647","759","548","3.93","729","2.59","N","N","N","",
"電機機械","1599","宏佳騰","198017","394","503","498","481","472","4.72","664","2.08","N","Y","N","公司位置僻靜物價相較都會區、工業及科技園區低，8成員工為基礎作業員技術含量不高，因此平均數相較於同業低，員工除薪資、獎金，另依據章程提撥員工酬勞，109年度經營績效較108提升，相應員工酬勞亦會增加。",
"化學工業","1742","台蠟","14968","24","624","467","513","439","5.16","740","2.05","N","Y","N","110年度持續受疫情衝擊，加上原物料價格上漲，影響公司營運績效與成果。
本年度之盈餘大多來自於業外收入，處分不動產、活化資產以充實營運資金，對員工薪資的調升尚未有多餘的空間。",
"生技醫療業","1777","生泰","113486","164","692","831","615","756","3.38","714","1.38","N","Y","N","員工薪酬係衡量公司現行規模，依公司所制定之『薪資管&#63972;辦法』及『營業目標及稅前淨利達成獎勵辦法』，作為評核之依循，因火災事故及疫情致整體營運績效下降，故獎金發放減少尚稱合理。",
"生技醫療業","1781","合世","43687","55","794","755","737","661","-1.31","714","1.38","N","N","N","",
"生技醫療業","1784","訊聯","123495","164","753","748","668","633","0.56","714","1.38","N","N","N","",
"其他電子業","1785","光洋科","948244","1066","890","827","764","707","2.15","856","3.74","N","N","N","",
"生技醫療業","1788","杏昌","252073","245","1029","938","906","824","8.99","714","1.38","N","N","N","",
"食品工業","1796","金穎生技","127904","211","606","541","542","508","1.45","672","3.08","N","N","N","",
"生技醫療業","1799","易威","4234","6","706","689","665","686","-0.99","714","1.38","N","N","N","",
"生技醫療業","1813","寶利徠","69177","104","665","604","527","515","-0.28","714","1.38","N","N","N","",
"電子零組件業","1815","富喬","627135","906","692","553","602","485","1.43","729","2.59","N","N","N","",
"鋼鐵工業","2035","唐榮公司","991385","625","1586","1112","1791","1237","4.53","857","3.17","N","N","N","",
"電器電纜","2061","風青","1811","3","604","758","720","527","2.37","604","2.37","N","Y","Y","本公司員工薪酬包括本薪、獎金及紅利，本薪係依據各職務之內容與性質訂定，除符合法律規定最低標準亦反應公司整體營運成本效益，再根據過去一年的績效表現給予適當調薪，獎金及紅利則隨著公司獲利狀況而給予。",
"鋼鐵工業","2063","世鎧","165864","279","594","494","554","449","3.31","857","3.17","N","Y","N","世鎧公司每年維持調薪幅度3%-6%，隨110年公司獲利增加，年終獎金發放金額調升80%以上，員工酬勞金額亦較前一年度增加48%以上，故本公司隨著經營績效提升亦調增員工薪酬，調增的幅度適當合理。",
"鋼鐵工業","2064","晉椿","119817","188","637","563","571","471","1.81","857","3.17","N","N","N","",
"鋼鐵工業","2065","世豐","207361","285","728","611","608","536","5.42","857","3.17","N","Y","N","本年度公司營收成長26.89%，合併淨利增加84.5%，致員工薪資平均數成長19%，尚屬合理。",
"電機機械","2066","世德","82430","174","474","438","427","459","4.00","664","2.08","Y","Y","N","110年度疫情趨緩，營收及出貨較109年度增加，但本公司後段製程屬勞力密集，需大量基層員工(含外籍移工)，導致拉低平均薪資。若排除此因素，尚符合一般薪資水準。",
"電機機械","2067","嘉鋼","87525","167","524","445","491","395","-0.24","664","2.08","N","N","N","",
"電機機械","2070","精湛","65894","103","640","501","590","471","2.66","664","2.08","N","Y","N","本公司員工薪酬包括本薪、獎金及紅利，本薪除每年固定酌與進行調增外，另其係依據各項職務之內容與性質所訂定，除符合法律規定的最低標準亦反應公司整體營運成本效益，獎金及紅利則隨著公司獲利狀況而給予。",
"其他","2221","大甲","128874","201","641","509","534","431","4.27","669","1.90","N","Y","N","因公司依據事業部利潤來評估當年發放之獎酬,而110年因僅一事業單位達標,故於獎酬發放時2個事業部有所差異造成。",
"電機機械","2230","泰茂","45077","90","501","419","485","391","-0.08","664","2.08","N","N","N","",
"電機機械","2235","謚源","95990","195","492","447","453","396","1.42","664","2.08","Y","N","N","本公司產線人數約173 人，約佔87%，且本公司非高科技產業，產線技術性低，故年薪低於50萬；另23%的員工，其中年薪較高超過50萬的研發人員僅9人，其餘多為年薪低於50萬的辦公行政人員，故薪資平均數未達50萬。",
"建材營造","2596","綠意","6350","9","706","710","733","715","3.05","902","2.00","N","Y","Y","110年度因職員請假扣薪增加而影響薪資平均數，本公司已於111年度1月起調整非擔任主管職務之薪資於5%以上，將於次年度申報揭露。",
"數位雲端","2640","大車隊","231135","371","623","654","500","507","4.11","720","4.41","N","Y","N","本公司屬傳統產業，且行業特性較為特殊，薪資水平較難與公司經營績效有明確的關聯性。",
"航運業","2641","正德","32450","34","954","688","818","653","2.24","961","7.79","N","N","N","",
"航運業","2643","捷迅","47509","74","642","593","544","505","9.72","961","7.79","N","Y","N","本公司雖屬航運業，但以物流相關服務為主軸，因經營模式、市場規模及行業屬性的不同，薪酬行情本不應與航空及海運比較。本公司平均薪酬水準屬同業市場行情，每年定期調薪及獎酬以凝聚員工之向心力。",
"建材營造","2718","晶悅","13020","17","766","467","713","420","-0.55","902","2.00","N","N","N","",
"觀光餐旅","2719","燦星旅","24008","50","480","440","424","385","-1.29","498","-0.73","Y","N","N","目前公司內部員工組成多為基層作業人員，高階主管多數已離職。
而基層作業人員之獎金來源為業績，因疫情影響甚鉅，多數無業績獎金，故薪資平均數未達50萬元。",
"觀光餐旅","2729","瓦城","708870","1270","558","547","507","495","7.04","498","-0.73","N","N","N","",
"觀光餐旅","2732","六角","127912","255","502","542","435","450","3.08","498","-0.73","N","Y","N","本公司營收主要係直營門市、加盟業務及國內外銷貨，110年度直營門市整體經營受疫情影響，直接人工費用微幅減少，但尚屬合理。",
"觀光餐旅","2734","易飛網","37091","111","334","315","296","291","-2.29","498","-0.73","Y","N","N","110年因新冠疫情影響營業收入，實施減工減時方案，且薪資數字係已扣除交通部員工薪資補助款後之金額。",
"觀光餐旅","2736","富野","79283","213","372","376","335","325","-0.69","498","-0.73","Y","Y","N","主要係因飯店業人力結構以基層員工為主體，加以110年度疫情影響下公司為維持營運而實行減薪休假，使總體員工平均薪資低於同業，卻因員工共體時艱尚能獲利高於同業。",
"觀光餐旅","2740","天蔥","16147","43","376","409","356","336","-2.65","498","-0.73","Y","N","Y","本公司為餐飲業員工整體較年輕、年資較淺等薪資結構因素，故平均薪資低於50萬元。
另因110年度疫情較前一年度更為嚴重、5~8月間又禁止於各餐廳場所內用，部分員工以無薪假因應
，導致薪資平均數較前一年度衰退。",
"觀光餐旅","2743","山富","62429","182","343","393","318","355","-1.64","498","-0.73","Y","N","N","因疫情使旅遊業重創，感謝政府支持給予補助。公司因參加安心就業計劃有減班減薪，減薪的部分有領取政府的補助。補助款是直接匯入同仁的帳戶,故會有產生此現象。",
"觀光餐旅","2745","五福","81987","236","347","405","336","406","-4.41","498","-0.73","Y","N","N","本公司基層勞力以業務人員為主，每月薪資約50%來自業績獎金，受疫情影響營運以國內旅遊為主，唯其利潤較低，連帶影響業績獎金。此外，公司亦配合實施勞動部「安心就業計畫」減班休息。依此，影響整體薪資。",
"觀光餐旅","2752","豆府","255901","513","499","504","455","454","6.68","498","-0.73","Y","Y","N","因疫情影響營收下降，門店績效獎金及年終獎金相對也減少。",
"觀光餐旅","2754","亞洲藏壽司","246397","450","548","568","414","447","0.49","498","-0.73","N","N","N","",
"觀光餐旅","2755","揚秦","140285","261","537","558","466","464","3.65","498","-0.73","N","N","N","",
"居家生活","2916","滿心","269410","549","491","468","431","419","2.52","618","5.32","Y","N","N","本公司係零售服務業，銷售人員占80%且流動率高，其給薪方式為基本薪資加業績獎金，獎金的多寡依目標達成計算，受到景氣好壞及服飾類商品消費意願的影響。依本公司營運狀況，平均薪資491仟元與現況相符，尚屬合理。",
"文化創意業","2926","誠品生活","546590","794","688","631","538","502","-4.82","1063","5.55","N","N","N","",
"居家生活","2937","集雅社","207537","298","696","699","592","585","3.20","618","5.32","N","N","Y","本公司為拓展營運，擴大增聘營業與行政新進員工，以致平均薪資較前一年度被微幅拉低。",
"居家生活","2947","振宇五金","233758","519","450","0","414","0","6.26","618","5.32","Y","Y","N","本公司屬於零售業形態，本公司基層人員(門市與倉儲)人數占比較高，招募對象多元開放，主要重視人員的學習態度與工作配合度；因應110年度展店數，晉用較多新進人員與社會新鮮人進行培訓，影響整體平均薪資。",
"文化創意業","3064","泰偉","81733","104","786","856","654","654","-0.75","1063","5.55","N","N","Y","非經理人之全時員工薪資平均數較前一年度減少係因薪資總額含有資遣費，109年度因公司人力精簡資遣部分薪資高及年資較深之員工所支付資遣費較110年平均為高為主因",
"光電業","3066","李洲","19586","34","576","538","562","452","2.08","820","1.93","N","Y","N","本公司EPS高於同業平均數，主要來自業外收益大幅增加，個體的營業淨利仍屬於虧損狀態，本公司基於業務考量，薪資與營業淨利同步、而不與EPS同步，造成本公司平均薪資未達50萬元、且平均薪資數低於同業水準。",
"其他電子業","3067","全域","5417","9","602","621","572","570","4.71","856","3.74","N","Y","Y","本公司參考同業核予員工基本薪酬，並視營運績效、員工貢獻及績效評核另核發獎金。公司本年度稅後純益雖因業外利益挹注而獲利，惟仍處營業虧損狀態，但公司仍依員工貢獻考核給予員工年度獎金，員工薪酬之訂定尚屬合理",
"電腦及週邊設備業","3071","協禧","108147","136","795","769","698","652","1.86","828","5.18","N","N","N","",
"綠能環保","3073","天方能源","4691","8","586","644","583","485","-3.16","804","2.92","N","N","N","",
"電子零組件業","3078","僑威","126134","119","1060","1065","855","848","4.30","729","2.59","N","N","N","",
"通信網路業","3081","聯亞","284549","314","906","962","821","765","3.71","832","1.84","N","N","N","",
"文化創意業","3083","網龍","165483","219","756","764","619","642","-0.46","1063","5.55","N","N","N","",
"數位雲端","3085","新零售","4446","8","556","630","454","589","0.37","720","4.41","N","N","Y","於110年8月18日業經股東臨時會通過處分子公司-東京著衣國際(股)公司之76.71%股權，處分利益為58,030仟元，EPS較前一年度提高；此為會計帳務處理，但對公司實務上未增加營運項目之金流。",
"文化創意業","3086","華義","34901","62","563","573","521","525","4.80","1063","5.55","N","N","Y","公司近年來積極進行組織業務調整與優化,110年度終有獲利，但因公司部分薪資較高的同仁離職,新進同仁薪資較低,因此薪資平均數與中位數皆略有些微下修。公司將持續優化同仁薪酬水準,感謝同仁努力貢獻與公司共同成長。",
"電腦及週邊設備業","3088","艾訊","539688","545","990","874","866","791","4.57","828","5.18","N","N","N","",
"電子零組件業","3089","億杰","8432","13","649","599","642","531","0.69","729","2.59","N","N","N","",
"其他電子業","3093","港建*","119489","126","948","862","900","821","7.41","856","3.74","N","N","N","",
"通信網路業","3095","及成","87398","120","728","664","654","545","-0.28","832","1.84","N","N","N","",
"半導體業","3105","穩懋","3548840","3146","1128","1116","926","924","12.90","1296","7.57","N","Y","N","　　半導體產業上中下游員工結構差異大；穩懋為專業晶圓代工公司，生產作業的直接人力佔公司近一半，而影響全體平均。公司每年依營運狀況並參考業界水準進行薪資調整，若僅計算間接人力，薪資平均數未低於業界平均。",
"電子零組件業","3114","好德","64257","64","1004","1053","848","847","2.42","729","2.59","N","N","Y","本公司110年度因非擔任主管職之新進員工，平均人數7人，年薪平均數546千元，低於員工薪資平均值1,004千元，且110年度可分發之員工分紅4,003千元，較109年度減少1,427千元，致年薪平均數較前年度下降49千元。",
"電子零組件業","3115","富榮綱","3010","5","602","633","622","549","-0.33","729","2.59","N","N","Y","本公司電子零組件業務受全球疫情影響，110年度營運仍採穩健保守策略，嚴格控管費用及支出；致EPS較去年增加0.68元，約67.33%，年度非經理人之全時員工平均薪資較去年度減少31仟元、約4.90%。",
"生技醫療業","3118","進階","97248","112","868","843","772","729","2.10","714","1.38","N","N","N","",
"半導體業","3122","笙泉","67984","54","1259","1027","1161","984","3.38","1296","7.57","N","N","N","",
"光電業","3128","昇銳","162240","251","646","605","555","511","0.80","820","1.93","N","N","N","",
"其他電子業","3131","弘塑","269527","161","1674","1319","1607","1309","23.47","856","3.74","N","N","N","",
"半導體業","3141","晶宏","168930","119","1420","1128","1351","1081","9.80","1296","7.57","N","N","N","",
"資訊服務業","3147","大綜","219359","258","850","710","603","546","4.94","889","3.13","N","Y","N","大綜產業類別歸屬資訊服務業，以經營類別粗略再分成軟體資訊服務及硬體資訊服務。營業毛利及軟體工程師和硬體工程師薪資水平是明顯差異，統計是依同業平均數相較，故產生如此之落差。",
"通信網路業","3152","璟德","311572","391","797","861","537","593","14.88","832","1.84","N","Y","Y","本公司產品特性為少量多樣，故需要投入一定比例之工廠產線人力。因110年直接人工佔比，較前一年度直接人工佔比為高，致整體薪資平均數較前一年度略為降低。",
"電機機械","3162","精確","11915","22","542","576","496","449","0.82","664","2.08","N","N","Y","主要係因人員異動(新進/離職)情形，全年度在職月份比例未達1年較高，且部分期間有職位空缺，導致薪資較去年同期減少。",
"通信網路業","3163","波若威","128955","147","877","791","748","680","1.09","832","1.84","N","N","N","",
"半導體業","3169","亞信","126180","58","2176","1406","1627","1120","6.34","1296","7.57","N","N","N","",
"居家生活","3171","新洲","162392","186","873","855","459","458","1.64","618","5.32","N","N","N","",
"生技醫療業","3176","基亞","40307","40","1008","910","794","789","-0.38","714","1.38","N","N","N","",
"半導體業","3178","公準","390671","699","559","532","484","465","2.00","1296","7.57","N","N","N","",
"建材營造","3188","鑫龍騰","15060","14","1076","895","870","821","1.78","902","2.00","N","N","N","",
"電子零組件業","3191","和進","1697","3","566","490","567","420","-0.59","729","2.59","N","N","N","",
"電子零組件業","3202","樺晟","34573","53","652","622","569","562","0.31","729","2.59","N","N","N","",
"生技醫療業","3205","佰研","37698","65","580","592","484","520","-2.66","714","1.38","N","N","N","",
"電子零組件業","3206","志豐","52698","55","958","926","927","851","2.39","729","2.59","N","N","N","",
"電子零組件業","3207","耀勝","9974","14","712","576","571","550","0.74","729","2.59","N","N","N","",
"電腦及週邊設備業","3211","順達","256325","205","1250","1410","1139","1307","22.42","828","5.18","N","N","Y","1.公司110年度EPS22.42元，較109年度大幅增加係因增加出售廠&#36775;大樓利益26.71億元。
2.110年產線直接人力增加及間接人力亦增加，故非擔任主管職務之全時員工之薪資平均數較109年減少。",
"電腦及週邊設備業","3213","茂訊","215239","283","761","710","667","610","10.87","828","5.18","N","Y","N","(一)110年度EPS較前一年度成長，主要是因為未實現利益，導致EPS增加，相對員工酬勞金額比去年同期少。
(二)本公司第一線員工人數占比高，包含基層產線員工及門市業務人員，其流動性，亦會連帶影響整體平均薪資數。",
"電子零組件業","3217","優群","118432","101","1173","1076","939","959","7.11","729","2.59","N","N","N","",
"生技醫療業","3218","大學光","226977","243","934","885","763","716","7.82","714","1.38","N","N","N","",
"其他電子業","3219","倚強科","96457","43","2243","1223","1369","1129","6.33","856","3.74","N","N","N","主係本公司因業務形態改變且新增海外轉投資公司，故EPS較前一年度成長。且因業務形態改變，致使人力需求大幅增加各部門各階層人員皆有增加，因此公司薪資級距拉大，故導致非經理人之全時員工薪資平均數較前一年減少",
"通信網路業","3221","台嘉碩","270375","451","600","520","523","471","5.28","832","1.84","N","Y","N","1.110年獲利來源主要來自110年第四季處分子公司，非常態性營收，故不影響員工薪酬。
2.依公司相關規範，當年度如有獲利則於次年度員工酬勞案通過後方得發放。",
"電子通路業","3224","三顧","60715","79","769","690","635","612","-0.40","774","1.27","N","N","N","",
"電機機械","3226","至寶電","95411","185","516","481","447","431","3.58","664","2.08","N","Y","N","原因簡述說明如下:
1.員工結構組成，作業職之基層員工占約70%，致近年雖因應勞動法基本薪資調整及營運績效年度調薪，仍較低。
2.產線未有輪班制度，故未有相關之輪班津貼及夜間加給獎金，薪資較一般同業為低。",
"半導體業","3227","原相","1381778","474","2915","2799","2568","2435","11.32","1296","7.57","N","N","N","",
"半導體業","3228","金麗科","93680","58","1615","1412","1312","1193","2.92","1296","7.57","N","N","N","",
"光電業","3230","錦明","20948","34","616","628","565","549","-0.51","820","1.93","N","N","N","",
"電子通路業","3232","昱捷","28674","36","797","737","645","633","0.84","774","1.27","N","N","N","",
"通信網路業","3234","光環","249452","334","747","716","644","630","-1.74","832","1.84","N","N","N","",
"電子零組件業","3236","千如","119867","175","685","639","571","526","1.02","729","2.59","N","N","N","",
"觀光餐旅","3252","海灣","3121","8","390","401","396","376","0.71","498","-0.73","Y","Y","Y","因公司目前處於轉型成長期間，薪資結構尚未調整。",
"半導體業","3259","鑫創","124916","120","1041","1122","964","967","0.02","1296","7.57","N","N","Y","本公司因連續十年營運結果為虧損狀態，故於110年實施撙節計劃，針對處級以上主管(含經理人)進行減薪降幅3.98%，一般員工調薪增幅2.02%。目前因經營狀況改善，已在111/1月恢復處級以上主管(含經理人)之薪資。",
"半導體業","3260","威剛","855459","606","1412","1361","1138","1082","9.14","1296","7.57","N","N","N","",
"半導體業","3264","欣銓","1485137","1423","1044","935","836","767","5.46","1296","7.57","N","N","N","",
"半導體業","3265","台星科","260589","307","849","773","712","660","2.89","1296","7.57","N","N","N","",
"半導體業","3268","海德威","23400","32","731","508","625","459","0.95","1296","7.57","N","N","N","",
"電腦及週邊設備業","3272","東碩","163412","263","621","804","549","734","0.58","828","5.18","N","N","N","",
"電子零組件業","3276","宇環","4168","3","1389","1108","1409","1124","1.18","729","2.59","N","N","N","",
"其他","3284","太普高","52390","101","519","496","471","451","-0.86","669","1.90","N","N","N","",
"其他電子業","3285","微端","31022","51","608","660","538","592","-0.02","856","3.74","N","N","N","",
"電腦及週邊設備業","3287","廣寰科","6891","10","689","662","543","590","1.14","828","5.18","N","N","N","",
"電子零組件業","3288","點晶","12855","15","857","792","451","545","-1.48","729","2.59","N","N","N","",
"其他電子業","3289","宜特","699984","777","901","841","814","770","2.02","856","3.74","N","N","N","",
"電子零組件業","3290","東浦","34972","52","673","671","519","550","0.77","729","2.59","N","N","N","",
"文化創意業","3293","鈊象","2359473","988","2388","1747","1924","1435","67.21","1063","5.55","N","N","N","",
"電子零組件業","3294","英濟","240650","273","882","941","702","772","0.18","729","2.59","N","N","N","",
"光電業","3297","杭特","78965","136","581","551","491","487","-0.42","820","1.93","N","N","N","",
"其他電子業","3303","岱稜","321891","439","733","694","659","599","1.61","856","3.74","N","N","N","",
"通信網路業","3306","鼎天","109672","105","1044","941","890","828","1.05","832","1.84","N","N","N","",
"電子零組件業","3310","佳穎","54523","88","620","542","531","458","1.33","729","2.59","N","N","N","",
"其他","3313","斐成","2948","6","491","610","478","495","0.42","669","1.90","Y","N","Y","非經理人之全時員工薪資平均數未達50萬，因實際平均人數為5.5若以5.5計算平均數為53.6萬
EPS成長惟非經理人之全時員工薪資平均數較前一年度減少，因EPS增加乃業外收入增加，與本業無關故未反映調整員工薪資",
"半導體業","3317","尼克森","185304","126","1471","1117","1084","910","5.78","1296","7.57","N","N","N","",
"電子零組件業","3322","建舜電","55700","57","977","892","860","775","1.85","729","2.59","N","N","N","",
"電腦及週邊設備業","3323","加百裕","233229","319","731","698","515","545","3.16","828","5.18","N","N","N","",
"其他電子業","3324","雙鴻","170213","148","1150","1053","1075","947","13.12","856","3.74","N","N","N","",
"電腦及週邊設備業","3325","旭品","22002","27","815","586","755","533","-0.70","828","5.18","N","N","N","",
"電子零組件業","3332","幸康","183635","273","673","628","560","531","2.20","729","2.59","N","N","N","",
"光電業","3339","泰谷","109290","202","541","513","461","447","1.77","820","1.93","N","N","N","",
"電腦及週邊設備業","3349","寶德","40113","47","853","0","774","0","1.77","828","5.18","N","N","N","",
"電子零組件業","3354","律勝","37893","64","592","522","471","462","-0.74","729","2.59","N","N","N","",
"電子零組件業","3357","臺慶科","408440","445","918","746","788","647","12.08","729","2.59","N","N","N","",
"電子通路業","3360","尚立","56724","56","1013","1015","922","962","1.45","774","1.27","N","N","Y","110年度平均薪資1,012,935元較109年度1,015,134元，減少2,199元，主要為110年元月新進人員6人平均年薪較低。
另比較二年度皆有統計在內之員工(計48人)之平均年薪，110年度較109年度增加12,052元。",
"光電業","3362","先進光","321905","578","557","521","487","467","0.03","820","1.93","N","N","N","",
"通信網路業","3363","上詮","165154","275","601","561","466","429","2.31","832","1.84","N","Y","N","1.本公司產品客製化程度高,屬少量多樣產業特性，超過六成為直接作業員(包含外籍移工),因而相對拉低員工平均薪資。
2.本公司110年度公司營收及獲利成長,已適度反映於111年度員工薪資調整,公司將持續優化員工薪酬。",
"半導體業","3372","典範","339438","492","690","535","595","469","2.39","1296","7.57","N","N","N","",
"其他電子業","3373","熱映","43510","74","588","1359","537","1171","2.60","856","3.74","N","N","N","",
"半導體業","3374","精材","1440266","1542","934","903","679","669","6.92","1296","7.57","N","N","N","",
"電機機械","3379","彬台","48582","63","771","695","715","647","0.27","664","2.08","N","N","N","",
"電子零組件業","3388","崇越電","136006","97","1402","1243","1318","1201","8.04","729","2.59","N","N","N","",
"電子零組件業","3390","旭軟","148460","290","512","468","464","420","0.48","729","2.59","N","N","N","",
"其他電子業","3402","漢科","322037","397","811","736","671","623","3.93","856","3.74","N","Y","N","110年新進人員偏多，任職期間較短，全年度薪資總額相對較少，但110年全時員工薪資平均數增加10%，全時員工薪資中位數增加 7.7%，薪資水準較前一年度增加，尚屬合理範圍。",
"電機機械","3426","台興","29322","49","598","586","487","504","2.48","664","2.08","N","Y","N","1. 110年員工49人，其中本外籍作業員占40%，其薪資水準接近基本工資，故整體薪資較同業為低。
2. 111年5月進行薪資調整，調薪幅度為3%。",
"光電業","3434","哲固","65323","104","628","591","562","525","0.82","820","1.93","N","N","N","",
"半導體業","3438","類比科","237637","136","1747","1394","1544","1204","5.14","1296","7.57","N","N","N","",
"光電業","3441","聯一光電","9305","16","582","501","577","505","0.63","820","1.93","N","N","N","",
"電子通路業","3444","利機","49823","47","1060","1008","915","958","3.44","774","1.27","N","N","N","",
"光電業","3455","由田","343936","284","1211","944","1013","843","7.50","820","1.93","N","N","N","",
"電子零組件業","3465","進泰電子","25041","20","1252","796","900","589","16.36","729","2.59","N","N","N","",
"通信網路業","3466","致振","25185","34","741","748","702","669","-1.31","832","1.84","N","N","Y","110年度EPS 較109 年度成長是由於109 年度提列商譽減損約81,166千元,全時員工薪資平均數減少是110年度較109 年度分發之獎金減少所致.",
"電腦及週邊設備業","3479","安勤","273030","286","955","832","856","764","2.94","828","5.18","N","N","N","",
"電腦及週邊設備業","3483","力致","121341","156","778","732","728","682","5.34","828","5.18","N","Y","N","公司持續改善員工薪酬",
"電子零組件業","3484","崧騰","211099","190","1111","886","927","762","8.16","729","2.59","N","N","N","",
"建材營造","3489","森寶","20343","23","884","771","824","701","0.57","902","2.00","N","N","N","",
"光電業","3490","單井","96631","108","895","831","774","761","2.19","820","1.93","N","N","N","",
"通信網路業","3491","昇達科","159440","224","712","609","623","551","3.81","832","1.84","N","Y","N","本公司屬少量多樣的產業特性，超過44%為工廠產線員工，且當中有19%為外籍移工，因而相對拉低員工平均薪資，且左開金額未包含非現金給付之獎酬，綜合而言，本公司非主管職員工之整體薪資福利應未低於同業平均。",
"電子零組件業","3492","長盛","34074","42","811","758","776","766","0.50","729","2.59","N","N","N","",
"其他電子業","3498","陽程","243679","307","794","759","718","671","0.27","856","3.74","N","N","N","",
"通信網路業","3499","環天科","75448","139","543","549","468","481","-0.18","832","1.84","N","N","Y","公司EPS雖較前一年度增加,但仍在虧損中,故並無大幅調薪,僅少數人員視工作績效調整,加上年終獎金平均較去年度少發0.2個月,致平均薪資較去年微幅減少約6000元",
"其他電子業","3508","位速","68953","105","657","690","517","589","-0.92","856","3.74","N","N","Y","110因新設生產線，招募大量新進員工，以致非經理全時員工薪資平均數衰退。",
"電子零組件業","3511","矽瑪","43145","49","881","949","851","824","1.39","729","2.59","N","N","Y","110年EPS較前一年度成長,主係併入同星,如果摒除併入同星因素，矽瑪個體110較109年成長6.93%，110年新進員工較109年增加18位
(聘進年資較淺的員工, 故平均薪資較低)",
"建材營造","3512","皇龍","26501","25","1060","801","1055","766","3.79","902","2.00","N","N","N","",
"光電業","3516","亞帝歐","32093","62","518","503","436","427","0.86","820","1.93","N","N","N","",
"電子零組件業","3520","華盈","12098","18","672","607","586","507","0.13","729","2.59","N","N","N","",
"電腦及週邊設備業","3521","鴻翊","37109","61","608","665","539","579","-1.68","828","5.18","N","N","N","",
"觀光餐旅","3522","御頂","177398","368","482","512","435","445","-6.64","498","-0.73","Y","N","N","本公司自110年5月份升級為三級警戒後，實施減班減薪至10月份才陸續恢復正常上班，故110年度新資平均數未達50萬元。",
"光電業","3523","迎輝","51678","89","581","528","535","453","-1.95","820","1.93","N","N","N","",
"電子零組件業","3526","凡甲","108761","78","1394","1329","1227","1106","11.19","729","2.59","N","N","N","",
"半導體業","3527","聚積","423399","220","1925","1266","1566","1392","12.69","1296","7.57","N","N","N","",
"半導體業","3529","力旺","631734","252","2507","2178","2287","1935","14.78","1296","7.57","N","N","N","",
"光電業","3531","先益","75085","95","790","722","662","644","1.38","820","1.93","N","N","N","",
"電子零組件業","3537","堡達","48922","48","1019","919","921","866","3.97","729","2.59","N","N","N","",
"電腦及週邊設備業","3540","曜越","171918","183","939","1139","793","971","3.05","828","5.18","N","N","N","",
"其他電子業","3541","西柏","274813","347","792","739","648","599","3.38","856","3.74","N","N","N","",
"文化創意業","3546","宇峻","373286","418","893","830","779","741","6.01","1063","5.55","N","Y","N","文創產業裡有不同類別公司，人力結構也不一樣，員工平均薪資不能全面衡量公司經營績效與員工薪酬的相關性。",
"電子零組件業","3548","兆利","278528","480","580","589","493","440","4.12","729","2.59","N","Y","N","110年EPS4.12低於同業水準，且較109年EPS5.03衰退，故員工酬勞及年終獎金發放金額也減少。
本年因業務所需，進用較多直間接新進人員，有些員工因任職不足月或請假過多影響年化薪資降低。",
"綠能環保","3551","世禾","468134","675","694","645","588","565","7.16","804","2.92","N","Y","N","世禾雇用27.41%外籍員工，影響平均薪資水準。依勞動部統計查詢網製造業統計資料計算，最近年度每人每月平均薪資為39,556元，而世禾每人每月平均薪資為57,794元，較台灣其他製造業經常薪資高，故屬合理範圍。",
"其他電子業","3552","同致","184785","298","620","609","506","543","5.44","856","3.74","N","Y","N","110年非經理人之全時員工薪資平均數低於同業水準，主要原因為直接員工占比高，影響整體員工平均薪資，且EPS含轉投資子公司之獲利。",
"半導體業","3555","博士旺","13199","16","825","863","796","740","0.93","1296","7.57","N","N","Y","1.本公司章程訂定，當年度稅前利益扣除分配員工酬勞及董監酬勞前之利益於彌補虧損後，如尚有餘額係提撥5%~20%為員工酬勞。
2.110年因部分資深且薪資較高之員工離職，故平均數較前一年度減少。",
"半導體業","3556","禾瑞亞","250278","165","1517","1244","1233","994","6.08","1296","7.57","N","N","N","",
"通信網路業","3558","神準","1322375","1134","1166","816","693","663","9.16","832","1.84","N","N","N","",
"通信網路業","3564","其陽","133485","163","819","782","673","651","0.75","832","1.84","N","N","N","",
"半導體業","3567","逸昌","83645","132","634","608","538","517","3.09","1296","7.57","N","N","N","",
"資訊服務業","3570","大塚","160975","143","1126","1047","900","890","8.50","889","3.13","N","N","N","",
"電腦及週邊設備業","3577","泓格","245760","309","795","677","636","586","3.23","828","5.18","N","N","N","",
"其他電子業","3580","友威科","79825","111","719","686","641","598","3.02","856","3.74","N","N","N","",
"半導體業","3581","博磊","103090","113","912","830","791","694","2.11","1296","7.57","N","N","N","",
"其他電子業","3587","閎康","637925","567","1125","969","983","886","9.48","856","3.74","N","N","N","",
"電腦及週邊設備業","3594","磐儀","129282","182","710","683","605","586","0.30","828","5.18","N","N","N","本公司因配置有組裝線, 產線直接人工人數約佔非擔任主管職務員工總人數之27%,因而拉低了整體平均薪資",
"電子零組件業","3597","映興","71577","146","490","478","409","419","2.10","729","2.59","Y","N","N","秉持根留台灣經營理念，在台之總公司仍配置多條生產線。員工薪資結構除管理階層及研發外，仍包含多數產線直接人員，此與同業多成本考量，將加工產線外移不同，因此其平均薪資略高本公司。故與同業比較尚無重大異常。",
"電子零組件業","3609","三一東林","40545","62","654","676","578","608","0.01","729","2.59","N","N","Y","110年員工薪資平均數較上年度109年減少，主要係本公司110年部分資深人員離職，而新進人員薪資較低，故導致薪資平均數較109年衰退。",
"電腦及週邊設備業","3611","鼎翰","225957","282","801","731","652","577","18.47","828","5.18","N","Y","N","本公司多年未發行新股對外籌資，故能維持較高之每股盈餘(EPS); 加上公司台灣工廠直接人員佔比較大，因而與同業相比有此差異。",
"光電業","3615","安可","73798","110","671","564","529","469","1.43","820","1.93","N","N","N","",
"光電業","3623","富晶通","74205","123","603","531","539","484","-1.24","820","1.93","N","N","N","",
"電子零組件業","3624","光頡","483639","685","706","614","562","530","4.04","729","2.59","N","Y","N","110年營收及獲利增加，110年非擔任主管職務之全時員工薪資平均數為706仟元，110年相較109年薪資平均數增加15%，係因經營績效與員工薪酬為正向關聯，員工酬勞發放金額亦隨獲利增加而上升，故員工薪資平均數尚屬合理。",
"電腦及週邊設備業","3625","西勝","92432","120","770","810","611","764","-1.92","828","5.18","N","N","Y","本公司110年離職人員、薪資未滿1年人數增加，以及110年新增產線直接人員。",
"其他電子業","3628","盈正","221265","301","735","724","651","640","1.60","856","3.74","N","N","N","",
"文化創意業","3629","地心引力","32180","50","644","730","510","653","-4.76","1063","5.55","N","N","N","",
"光電業","3630","新鉅科","219813","295","745","706","614","566","-3.43","820","1.93","N","N","N","",
"電子零組件業","3631","晟楠","1046","2","523","476","469","531","-0.16","729","2.59","N","N","N","",
"通信網路業","3632","研勤","29558","34","869","846","680","623","-0.71","832","1.84","N","N","N","",
"電子零組件業","3646","艾恩特","7631","7","1090","1025","1013","907","2.17","729","2.59","N","N","N","",
"其他電子業","3663","鑫科","146328","200","732","670","700","630","0.96","856","3.74","N","N","N","",
"光電業","3666","光耀","156172","235","665","632","613","560","-0.55","820","1.93","N","N","N","",
"通信網路業","3672","康聯訊","72244","91","794","789","676","635","0.24","832","1.84","N","N","N","",
"半導體業","3675","德微","196978","296","665","609","566","526","7.36","1296","7.57","N","N","N","",
"半導體業","3680","家登","267190","348","768","746","629","615","4.03","1296","7.57","N","N","N","",
"通信網路業","3684","榮昌","47358","65","729","711","534","534","3.50","832","1.84","N","Y","N","因應疫情影響,為滿足生產需求,擴增從業人員,未滿六個月的員工人數佔全時員工之50%以上,致使全時員工薪資平均數略低於去年.",
"電機機械","3685","元創精密","6486","7","927","897","720","709","0.05","664","2.08","N","N","N","",
"數位雲端","3687","歐買尬","25059","32","783","823","723","730","2.42","720","4.41","N","N","Y","EPS較前一年增加但非擔任主管全時平均薪資減少，主係因薪資較高之資深人員流動所致。",
"電子零組件業","3689","湧德","85115","79","1077","803","1005","691","3.28","729","2.59","N","N","N","",
"光電業","3691","碩禾","194401","213","913","872","757","737","-5.34","820","1.93","N","N","N","",
"電腦及週邊設備業","3693","營邦","317987","412","772","717","631","604","3.08","828","5.18","N","N","N","",
"半導體業","3707","漢磊","742223","816","910","807","806","723","0.73","1296","7.57","N","N","N","",
"電腦及週邊設備業","3709","鑫聯大投控","206964","281","737","732","620","621","4.55","828","5.18","N","N","N","",
"電子零組件業","3710","連展投控","116342","130","895","834","771","736","-2.50","729","2.59","N","N","N","",
"綠能環保","3713","新晶投控","20041","41","489","489","448","533","0.43","804","2.92","Y","N","N","公司營運持續成長，人力需求逐年增加，EPS成長為公司全體努力之成果。另本年度因接案量增加故增聘較多基層員工，其薪資較中高階人員為低，導致拉低整體之平均薪資，惟薪資平均數仍接近50萬元，故未有明顯低薪。",
"生技醫療業","4102","永日","80302","138","582","642","523","568","0.14","714","1.38","N","N","N","",
"生技醫療業","4105","東洋","619586","530","1169","1126","992","936","3.35","714","1.38","N","N","N","",
"生技醫療業","4107","邦特","209402","385","544","566","464","501","6.22","714","1.38","N","Y","N","1.110年仍有進行經常性薪資調薪，因受疫情影響，連帶使得員工之獎金及非經常性薪資受到影響而減少，但整體的人事費用率並未減少。
2.111年度已針對基層員工進行結構性調薪，調薪幅度6.8%",
"生技醫療業","4109","加捷生醫","24399","50","488","493","461","470","0.06","714","1.38","Y","N","Y","員工薪資總額除受各月給薪人數增減變化之影響外，亦因各月給薪人數增減變化及個人敘薪金額不同而有影響。年度結算後雖有盈餘，惟金額不多，加上市況不佳未有成長，因此薪資並無調漲。新進員工較多亦為影響之因素。",
"生技醫療業","4111","濟生","128778","237","543","523","515","489","1.42","714","1.38","N","Y","N","本公司已於111年4月份全體員工調薪4%",
"建材營造","4113","聯上","13976","22","635","588","629","591","0.63","902","2.00","N","N","N","",
"生技醫療業","4114","健喬","373181","381","979","1001","744","755","1.02","714","1.38","N","N","N","",
"生技醫療業","4116","明基醫","122082","175","698","774","605","714","0.65","714","1.38","N","N","N","",
"生技醫療業","4120","友華","308476","296","1042","1031","940","907","1.39","714","1.38","N","N","N","",
"生技醫療業","4121","優盛","59835","81","739","782","653","679","1.35","714","1.38","N","N","N","",
"生技醫療業","4123","晟德","131924","169","781","776","727","671","3.60","714","1.38","N","N","N","",
"生技醫療業","4126","太醫","391026","772","507","503","434","432","5.32","714","1.38","N","Y","N","本公司近年營收穩健良好，長期開發供應多樣化醫材產品，基層人力需求較高，110年約占全體員工人數64.8%；全時員工平均薪資雖略低於同業，但自110年起進行營運及人力調整，逐步調整獎金制度以激勵員工效能並提升薪酬",
"生技醫療業","4127","天良","22074","41","538","519","479","470","1.02","714","1.38","N","N","N","",
"生技醫療業","4128","中天","116430","123","947","856","714","699","0.11","714","1.38","N","N","N","",
"生技醫療業","4129","聯合","339009","512","662","638","589","559","0.37","714","1.38","N","N","N","",
"生技醫療業","4130","健亞","122711","164","748","771","655","681","0.00","714","1.38","N","N","N","",
"生技醫療業","4131","晶宇","6851","14","489","494","465","459","-0.91","714","1.38","Y","N","N","1.本公司EPS較前一年度雖成長，惟結算後仍虧損，未發年終獎金。
2.公司人力精簡，資深人員離職，補缺新人進用薪資按人力市場給薪，致平均薪資些微拉低。",
"生技醫療業","4138","曜亞","89499","104","861","889","743","719","4.11","714","1.38","N","N","Y","因業務擴編增加聘用人員.
總用人數成長11%,總薪資成長7%
二者未能同等成長,係因:
增聘之同仁薪資反應其擁有與
本公司工作相關較低之經驗年資,
造成與原資深在職同仁間有所差距
故整體平均薪資減少屬正常現象.",
"生技醫療業","4147","中裕","71926","74","972","921","759","743","-1.87","714","1.38","N","N","N","",
"生技醫療業","4153","鈺緯","105113","138","762","713","667","630","0.37","714","1.38","N","N","N","",
"生技醫療業","4160","創源","120400","143","842","751","742","615","0.32","714","1.38","N","N","N","",
"生技醫療業","4161","聿新科","66964","146","459","514","418","454","0.47","714","1.38","Y","N","Y","因疫情關係，109年度公司經營績效較差(EPS-1.24)，110年度疫情有較趨緩，110年度公司經營續效(EPS0.47)，故相較109年度表現較佳；110年度需求人力為基層生產線人員，故薪資平均數較前109年度減少。",
"生技醫療業","4162","智擎","52884","26","2034","2348","1829","2564","2.95","714","1.38","N","N","N","",
"生技醫療業","4163","鐿鈦","425448","689","617","606","512","495","4.73","714","1.38","N","Y","N","生技醫療產業之業態多樣，本公司參酌市場之薪資水準、員工資歷及個人表現等因素給薪，且員工薪資平均數及中位數均較109年增加，故實屬合理。",
"生技醫療業","4167","松瑞藥","289306","445","650","611","601","564","0.03","714","1.38","N","N","N","",
"生技醫療業","4168","醣聯","27583","39","707","674","657","649","-1.78","714","1.38","N","N","N","",
"農業科技","4171","瑞基","89040","111","802","806","858","733","9.01","675","3.94","N","N","Y","因110年度新到職員工(6個月以下)較109年度比率多，且多為一般職等，又因年終獎金及員工酬勞等，針對年資未滿一年員工，係依任職日期比率計算，故EPS雖較前一年度增加，非經理人之全時員工薪資平均數較前一年度略減。",
"生技醫療業","4173","久裕","121998","185","659","685","600","645","0.74","714","1.38","N","N","Y","一、平均薪資下降主因：110年營業收入下降，致業務人員績效獎金減少。

二、EPS成長主係110年度營業成本及費用撙節所致。",
"生技醫療業","4174","浩鼎","107108","101","1060","1032","918","904","-7.69","714","1.38","N","N","N","",
"生技醫療業","4175","杏一","512041","961","533","530","487","483","1.97","714","1.38","N","Y","N","本公司分類為生技醫療業，但經營模式及資本結構較似貿易百貨業，營運項目主要以銷售醫療用品及健康照護商品為主，末端門市販售人員約占80%，非研發性質之生技公司，故與其他生技醫療業之薪資結構有所差異。",
"生技醫療業","4183","福永生技","77190","113","683","691","536","588","0.78","714","1.38","N","N","N","",
"生技醫療業","4188","安克","16291","19","857","843","727","661","-0.48","714","1.38","N","N","N","",
"生技醫療業","4192","杏國","32342","44","735","731","689","657","-4.04","714","1.38","N","N","N","",
"生技醫療業","4198","欣大健康","16814","25","673","919","585","823","-1.30","714","1.38","N","N","Y","由於110年度新增之口罩工廠僱用非主管職全時員工人數較前年度增加逾一倍, 且其職務非高度技術密集,薪資結構與水平亦與前期有所差異,故平均薪資較上期為低.",
"食品工業","4205","中華食","165158","256","645","644","623","626","3.76","672","3.08","N","Y","N","一、地域性差異：北部消費水準、薪酬皆較高，參酌南部產業薪資水準制定薪資辦法。
二、產業特性：作業員工作性質簡單、輕體力無技術層次，薪資較低而降低整體平均數。
與高屏地區傳統產業相較，薪資水準尚屬合理。",
"食品工業","4207","環泰","118195","180","657","637","608","607","2.25","672","3.08","N","N","N","",
"塑膠工業","4303","信立","41082","87","472","433","431","387","1.96","432","-0.72","Y","N","N","本公司薪資結構以學歷、機台為主、並依績效獎金辦法計算有效率及貢獻所應核發之獎金。
公司經營績效透過績效獎金辦法與員工薪酬相聯結，係屬合理，理財商品之利潤透過員工薪酬制度與員工分享。",
"塑膠工業","4304","勝昱","28289","68","416","488","405","463","4.22","432","-0.72","Y","Y","Y","1.工廠直接生產人員佔五成以上，且位於嘉義縣境，薪資較都會區低，外籍員工占總人數12%。
2.當年任職給薪未滿六個月之員工人數較前一年度增加。
3.EPS較前一年度成長，但本公司仍處於累積虧損。",
"塑膠工業","4305","世坤","64597","99","652","671","574","572","2.03","432","-0.72","N","N","N","",
"紡織纖維","4401","東隆興","338933","470","721","599","616","516","2.64","657","1.07","N","N","N","",
"紡織纖維","4402","福大","7945","16","497","470","470","439","-0.86","657","1.07","Y","N","N","110年度虧損為-39,349(仟元），且受新冠疫情影響，導致營收持續低迷，故薪資水準低於同業。",
"紡織纖維","4406","新昕纖","53638","118","455","404","375","356","0.33","657","1.07","Y","N","N","本公司110年度營業額較109年度增加;110年度獲利也較109年度增加,產量隨之增加,以致主要生產之直接人工薪資較109年度上升,故非主管薪資和公司經營績效與員工薪酬之關聯性係為合理,特此說明。",
"紡織纖維","4413","飛寶企業","23748","46","516","497","460","441","0.20","657","1.07","N","N","N","",
"建材營造","4416","三圓","12284","7","1755","996","1593","954","17.34","902","2.00","N","N","N","",
"紡織纖維","4417","金洲","107613","173","622","611","520","514","3.12","657","1.07","N","Y","N","本公司110年度EPS雖高於同業平均而非經理人全時員工薪資平均數低於同業水準,但110年度EPS低於109年度EPS,而110年度非經理人全時員工薪資平均數高於109年度,說明本公司有致力於提升員工薪資水準",
"紡織纖維","4419","元勝","774","2","387","409","387","409","-0.60","657","1.07","Y","N","Y","公司目前正處於營運策略調整期,營收及經營績效尚不佳,非擔任主管職務之全時員工,為一般行政事務員,導致平均員工薪資水準較同業低.",
"紡織纖維","4420","光明","65077","100","651","492","608","467","2.04","657","1.07","N","Y","N","110年稅後淨利排除業外金融資產利益後的淨利為60,031仟元,EPS僅為1.48,雖本公司薪資水準低於同業,但僅略低14仟元,已相當接近；本公司110年調薪幅度達1.6%~13.9%,亦調高新進員工平均起薪,相信未來會和同業趨近.",
"其他","4430","耀億","169342","321","528","513","476","467","0.75","669","1.90","N","N","N","",
"紡織纖維","4432","銘旺實","52610","64","822","785","710","686","-2.04","657","1.07","N","N","N","",
"紡織纖維","4433","興采","177868","280","635","618","542","521","1.21","657","1.07","N","Y","N","110年度較109年度現場外籍員工人數增加約37%，致平均薪資拉低。",
"電機機械","4502","健信","102891","183","562","533","541","502","-2.87","664","2.08","N","N","N","",
"電機機械","4503","金雨","41902","98","428","406","383","369","-0.85","664","2.08","Y","N","N","本公司依據區域性薪資行情給付員工薪資，一切符合勞基法規定，且已著手逐步調整薪資架構，以提升產業競爭力。",
"電機機械","4506","崇友","960180","1131","849","832","839","823","4.39","664","2.08","N","N","N","",
"電機機械","4510","高鋒","196745","320","615","544","604","511","-0.33","664","2.08","N","N","N","",
"電機機械","4513","福裕","93190","159","586","522","559","504","0.44","664","2.08","N","N","N","",
"電機機械","4523","永彰","128788","229","562","625","580","561","-0.22","664","2.08","N","N","Y","1.依「薪資管理辦法」，按工作性質及所需技能等給予經常性薪資。
2.依「員工考績評核辦法」，考量營運狀況及同業支給水準等進行年終獎金分配及調薪。
3.員工酬勞分配依據公司章程規定。",
"電機機械","4527","方方土霖","120982","172","703","732","634","671","1.98","664","2.08","N","N","N","",
"電機機械","4528","江興鍛","150460","216","697","540","624","504","2.37","664","2.08","N","N","N","",
"其他","4529","淳紳","11760","16","735","808","600","753","-6.09","669","1.90","N","N","N","",
"觀光餐旅","4530","宏易","1062","2","531","500","531","500","-0.47","498","-0.73","N","N","N","",
"電機機械","4533","協易機","196660","287","685","645","627","587","0.36","664","2.08","N","N","N","",
"電機機械","4534","慶騰","83204","152","547","511","540","495","0.59","664","2.08","N","N","N","",
"電機機械","4535","至興","190085","346","549","477","508","446","2.40","664","2.08","N","Y","N","110年個體稅後淨利較109年成長75.81%，使非
擔任主管職務之全時員工人均成長15%，因其
中外籍移工佔22%，致影響人均薪資較低，且
本公司位於中部地區依照中部之薪資水準尚屬
合理。",
"電機機械","4538","大詠城","70003","105","667","485","612","431","0.76","664","2.08","N","N","N","",
"其他","4541","晟田","292845","467","627","517","547","444","0.00","669","1.90","N","N","N","",
"電子零組件業","4542","科嶠","55331","74","748","601","690","566","1.11","729","2.59","N","N","N","",
"電機機械","4543","萬在","143527","296","485","453","456","416","0.53","664","2.08","Y","N","N","本公司外籍勞工人數比例佔員工人數約23.6%，故平均員工薪資費用尚屬合理。",
"電機機械","4549","桓達","142556","233","612","578","531","503","6.27","664","2.08","N","Y","N","本公司產品為客製化，少量多樣，故面對不同產業須投入更多人力提供售前服務，110年度EPS高於同業主要為產業特性所致。
本公司外籍勞工人數比例佔員工人數約12%，故拉低平均薪資。",
"電機機械","4550","長佳","56498","71","796","811","727","733","1.41","664","2.08","N","N","N","",
"其他電子業","4554","橙的","69824","106","659","587","565","502","2.00","856","3.74","N","N","N","",
"其他","4556","旭然","69786","120","582","589","482","457","0.30","669","1.90","N","N","N","",
"電機機械","4558","寶緯","206486","312","662","0","528","0","4.55","664","2.08","N","N","N","",
"電機機械","4561","健椿","109036","178","613","507","597","477","2.49","664","2.08","N","Y","N","健椿110年營業收入較109年提高46%，110年稅後淨利較109年提高71%，估列之110年員工酬勞較109年提高100%，員工獎酬提高超過營業收入與稅後淨利，惟目前僅經111/03/24董事會通過，尚未經股東會通過。",
"電機機械","4563","百德","112623","142","793","732","751","711","-3.36","664","2.08","N","N","N","",
"電機機械","4568","科際精密","34401","39","882","841","885","848","5.03","664","2.08","N","N","N","",
"電機機械","4580","捷流閥業","251257","293","858","853","760","719","8.04","664","2.08","N","N","N","",
"居家生活","4609","唐鋒","12724","17","748","751","774","861","-0.39","618","5.32","N","N","Y","公司110年EPS(0.39)雖較109年EPS(1.06)為好，但仍是處於虧損狀況，又因疫情影響，公司於110年8月裁撤研發部門，因此110年非經理人之全時員工平均數較109年下降。",
"居家生活","4702","中美實","12687","18","705","672","690","586","1.15","618","5.32","N","N","N","",
"化學工業","4706","大恭","173364","212","818","716","788","694","1.13","740","2.05","N","N","N","",
"化學工業","4707","磐亞","76956","101","762","713","689","657","1.05","740","2.05","N","N","N","",
"化學工業","4711","永純","56251","82","686","610","634","575","1.27","740","2.05","N","N","N","",
"食品工業","4712","南璋","3654","8","457","552","430","496","-1.61","672","3.08","Y","N","N","8位員工中,僅4人年資未滿一年，故平均薪資未達50萬",
"化學工業","4714","永捷","31335","52","603","591","557","521","0.28","740","2.05","N","N","N","",
"化學工業","4716","大立","50831","84","605","586","557","537","3.55","740","2.05","N","Y","N","係因該年度業外收入認列土地處分利益約3.2億元導致EPS大幅高於歷年度水準。此屬非常態性交易，若排除此因素則本公司110年EPS應與歷年平均數差異不大。",
"化學工業","4721","美琪瑪","30984","45","689","742","593","601","4.81","740","2.05","N","Y","Y","主要因110年度獲利大部份在111年春節發放, 故未反映在110年度",
"生技醫療業","4726","永昕","247483","299","828","822","718","729","-0.61","714","1.38","N","N","N","",
"生技醫療業","4728","雙美","49165","76","647","670","539","582","4.51","714","1.38","N","Y","Y","產能利用率提高，擴充直接人力，此類人員薪資略低流動率高，故平均薪資較前一年低。
業態屬醫材製造(非技術開發)，直接人工占超過50%，同前因，致平均薪資低於同業；公司近年已執行調薪，將持續將獲利回饋員工。",
"光電業","4729","熒茂","176019","329","535","459","498","405","-1.26","820","1.93","N","N","N","",
"生技醫療業","4735","豪展","55025","90","611","805","470","489","8.65","714","1.38","N","Y","N","因應新增訂單，產線作業人員增加，此部分增加人員薪資為基本工資，造成員工薪資平均數下降。",
"生技醫療業","4736","泰博","617791","944","654","605","535","495","21.35","714","1.38","N","Y","N","本公司給薪標準係參酌市場薪資水準，本國勞工每年調薪約3%。若本公司非擔任主管職務之全時員工薪資總額低於同業，主要係因本公司為製造業，領取基本工資之外籍勞工約佔員工人數15%所致。",
"化學工業","4741","泓瀚","81821","158","518","505","432","416","0.90","740","2.05","N","N","N","",
"生技醫療業","4743","合一","106070","112","947","868","685","638","-1.06","714","1.38","N","N","N","",
"生技醫療業","4744","皇將","81968","175","468","457","453","433","1.71","714","1.38","Y","Y","N","由於直接人工與間接行政平均年資偏低且佔比人數高，因而降低整體平均薪資。",
"生技醫療業","4747","強生製藥","86899","146","595","581","542","514","1.64","714","1.38","N","Y","N","本公司為學名藥製造廠，獲利穩定，且因員工多為工廠生產作業人員，故與同業之平均薪資略有差異。",
"化學工業","4754","國碳科","44770","65","689","795","361","655","2.40","740","2.05","N","Y","N","公司非經理人全時員工(年度)薪資平均數低於同業水準說明如下：
1.110年增補10位員工為年資較短的基層員工。
2.因施工工程需要聘請約聘人員及兼職打工人員有10位人員。
以上合理性說明",
"其他電子業","4760","勤凱科技","44217","76","582","510","453","413","6.70","856","3.74","N","Y","N","110年度平均薪資調幅約3%-6%，員工酬勞及年終獎金發放金額亦隨獲利增加而調升，員工酬勞較109年度增加約 70 %，本公司隨著經營績效提升亦調增員工薪酬，調增的幅度適當合理。",
"化學工業","4767","誠泰科技","51449","61","843","751","739","683","2.84","740","2.05","N","N","N","",
"化學工業","4768","晶呈科技","31568","44","717","0","555","0","2.15","740","2.05","N","Y","N","隨公司成長，新進員工較多，年資未滿一年者，約占二成，因而影響年度薪資平均數計算。",
"文化創意業","4806","昇華","3731","9","415","378","421","316","-4.13","1063","5.55","Y","N","N","影視產業近年整體產業景氣不佳，本公司110年度因公司虧損,故人員縮編,但110年度有進行員工調薪,員工平均薪資較109年度增加，以上說明。",
"通信網路業","4903","聯光通","65251","115","567","556","509","513","-0.35","832","1.84","N","N","N","",
"通信網路業","4905","台聯電","20408","31","658","534","502","547","1.49","832","1.84","N","N","N","",
"建材營造","4907","富宇","13790","15","919","847","752","727","1.75","902","2.00","N","N","N","",
"通信網路業","4908","前鼎","175700","253","694","636","548","497","1.86","832","1.84","N","Y","N","本公司產品生產製造皆在臺灣，直接人員占比達5成多(含外籍移工)，致薪資平均數低於同業水準。",
"通信網路業","4909","新復興","85925","186","462","435","450","417","-1.26","832","1.84","Y","N","N","1.因產業特性及地屬偏鄉，作業人員相對偏多且外籍員工占直接員工的比率為30%，故拉低整體水準
2.因近2年來公司營收減少且稅前虧損，無員工酬勞因此造成整體薪資金額較低",
"生技醫療業","4911","德英","7701","18","428","427","430","424","-0.36","714","1.38","Y","N","N","新藥臨床試驗費用高，營業收入不敷試驗等相
關支出致EPS虧損，除穩健經營外，亦生產肝
藥、食品及保養品掖助營運費用，所以EPS較
其他新藥開發公司虧損少，薪資依個人表現
調整，整體調整須視公司獲利情形而定。",
"半導體業","4923","力士","35952","44","817","0","782","0","5.73","1296","7.57","N","N","N","",
"電腦及週邊設備業","4931","新盛力","149030","266","560","556","448","443","-0.63","828","5.18","N","N","N","",
"光電業","4933","友輝","332920","508","655","614","597","527","3.66","820","1.93","N","Y","N","1/各家資本結構不一，無法實質類比。
2/員工薪酬以遵循法規，在健全財務及維護股東權益下，每年皆有定期提出檢討及調整。
3/尚有其他不屬薪資之獎酬，因欄位格式限制無法呈現。",
"電子零組件業","4939","亞電","21756","14","1554","1106","1631","1166","1.76","729","2.59","N","N","N","",
"光電業","4944","兆遠","80401","126","638","606","567","523","-3.57","820","1.93","N","N","N","",
"半導體業","4945","陞達科技","52016","42","1238","1087","1137","1052","3.51","1296","7.57","N","N","N","",
"文化創意業","4946","辣椒","28454","45","632","609","596","574","1.79","1063","5.55","N","N","N","",
"其他","4950","牧東","7487","10","749","701","549","701","0.49","669","1.90","N","N","N","",
"資訊服務業","4953","緯軟","716096","833","860","844","778","763","6.91","889","3.13","N","Y","N","本公司110年度人數較109年成長，新人年資未足年的比重較高，影響年度平均薪資；惟本公司110年平均薪資自108年資訊揭露以來，每年持續成長。",
"光電業","4972","湯石照明","29905","34","880","798","808","726","2.51","820","1.93","N","N","N","",
"半導體業","4973","廣穎電通","182332","272","670","702","512","527","0.35","1296","7.57","N","N","N","",
"電子零組件業","4974","亞泰","71432","43","1661","1597","1481","1452","5.87","729","2.59","N","N","N","",
"通信網路業","4979","華星光","258443","460","562","541","469","464","-2.22","832","1.84","N","N","N","",
"電腦及週邊設備業","4987","科誠","122772","197","623","516","520","429","4.61","828","5.18","N","N","N","",
"光電業","4995","晶達","115963","165","703","675","608","589","2.68","820","1.93","N","Y","N","1.本公司110年度薪資平均調幅約1.5%。
2.生產線全部位於台灣，直接員工人數佔比25%，且有3成為外籍員工，員工結構偏屬製造業，故薪資平均數略低。",
"鋼鐵工業","5009","榮剛","662356","888","746","581","723","556","1.70","857","3.17","N","N","N","",
"鋼鐵工業","5011","久陽","97168","154","631","528","619","498","1.74","857","3.17","N","N","N","",
"鋼鐵工業","5013","強新","346858","424","818","627","804","614","4.41","857","3.17","N","Y","N","本公司非擔任主管職之全時員工人數，110年度較109年度增加13人。本籍減16人、外籍增29人(科技業用人需求排擠效應，傳產招工困難)。因外籍人員占比增加，而拉低員工薪資平均數與中位數。",
"鋼鐵工業","5014","建錩","47202","57","828","645","644","510","3.14","857","3.17","N","N","N","",
"鋼鐵工業","5015","華祺","109066","162","673","579","622","526","4.10","857","3.17","N","Y","N","司非擔任主管職務之全時員工162人中，有51人為外籍基層員工，占非擔任主管職務之全時員工之31%，其薪資為基本工資加上加班費，本就偏低，致拉低全公司平均薪資。",
"鋼鐵工業","5016","松和","244493","300","815","705","768","663","4.75","857","3.17","N","Y","N","本公司110年因全球疫情影響，進口原料時程延遲,且鋼價時續攀升使得取得成本具有優勢,獲利優於同業,未全數反應在員工薪資的原因是本公司政策維持穩定薪資,員工薪資不致因公司獲利情況大幅波動",
"資訊服務業","5201","凱衛","111267","133","837","875","736","774","1.56","889","3.13","N","N","N","",
"資訊服務業","5202","力新","58275","63","925","852","789","687","-0.32","889","3.13","N","N","N","",
"綠能環保","5205","中茂","1076","3","359","449","331","317","-1.69","804","2.92","Y","N","N","本公司近年因業務調整，公司處於虧損狀態。為求公司永續經營，近幾年各項費用嚴格管控。後續將視經營績效，在公司永續經營的前提下，合理將經營成果分享予全體股東及員工。",
"建材營造","5206","坤悅","20636","25","825","813","762","737","0.54","902","2.00","N","N","N","",
"其他","5209","新鼎","202226","195","1037","988","947","877","10.02","669","1.90","N","N","N","",
"資訊服務業","5210","寶碩","96515","132","731","700","651","648","-0.37","889","3.13","N","N","N","",
"資訊服務業","5211","蒙恬","48159","52","926","862","806","746","1.48","889","3.13","N","N","N","",
"資訊服務業","5212","凌網","314760","338","931","905","826","801","2.68","889","3.13","N","N","N","",
"建材營造","5213","亞昕","59649","63","947","1114","883","797","0.73","902","2.00","N","N","N","",
"光電業","5220","萬達光電","162317","292","556","562","480","487","3.43","820","1.93","N","Y","N","1.員工中約七成屬直接人工,員工結構中大部分屬基層勞工,拉低平均薪資。110年較109年小幅減少係因110年獲利較109年降低。
2.章程規定有獲利時提撥不低於5%為員工酬勞,讓經營績效與員工薪酬產生正向關聯。",
"光電業","5230","雷笛克光學","58726","81","725","780","571","566","1.28","820","1.93","N","N","Y","EPS較前一年度成長惟非經理人全時員工薪資平均數衰退，除因部分人員異動，增聘新進人員致整體平均薪資減少，此外，申報之薪資平均數係以實際發放數為基準，與EPS成長之帳上估列獎金數有發放時間性差異。",
"半導體業","5236","凌陽創新","298078","121","2463","0","2084","0","11.83","1296","7.57","N","N","N","",
"光電業","5245","智晶","175594","261","673","612","580","499","4.47","820","1.93","N","Y","N","本公司提供的薪酬符合法令要求，因本公司員工平均服務年資及平均年齡低於同業，致EPS高於同業平均數惟非經理人全時員工薪資平均數低於同業水準者。",
"光電業","5251","天鉞電","14215","16","888","771","782","798","-2.32","820","1.93","N","N","N","",
"文化創意業","5263","智崴","209815","255","823","782","750","716","-2.31","1063","5.55","N","N","N","",
"半導體業","5272","笙科","105932","91","1164","1093","1047","983","0.96","1296","7.57","N","N","N","",
"半導體業","5274","信驊","234940","83","2831","2361","2454","1980","38.30","1296","7.57","N","N","N","",
"數位雲端","5278","尚凡","52740","40","1319","1090","1115","962","16.52","720","4.41","N","N","N","",
"數位雲端","5287","數字","124965","160","781","744","712","671","12.13","720","4.41","N","N","N","",
"電腦及週邊設備業","5289","宜鼎","521746","575","907","862","701","651","18.94","828","5.18","N","N","N","",
"電子零組件業","5291","邑昇","185841","295","630","540","545","476","4.18","729","2.59","N","Y","N","本公司屬傳統勞力密集產業，主要生產僅在台灣；基層作業人員比重較高，以致非主管全時員工薪資平均數低於同業水準。",
"半導體業","5299","杰力","267533","74","3615","1476","3142","1301","17.68","1296","7.57","N","N","N","",
"觀光餐旅","5301","寶得利","13822","27","512","567","470","540","-2.09","498","-0.73","N","N","Y","因主要業務(營收)由觀光產業改為餐飲業，其所需之人員專業度也不相同，故影響薪資平均數。",
"半導體業","5302","太欣","30804","32","963","968","964","981","-0.27","1296","7.57","N","N","Y","本公司110年非經理人之全時員工薪資平均數(新台幣)963仟元，較109年度之9685仟元減少5仟元，主要係110年度之全時員工人數較109年年減少3人所致，且為尚無重大差異之情事",
"電子零組件業","5309","系統電","215290","292","737","681","547","526","0.62","729","2.59","N","N","N","",
"資訊服務業","5310","天剛","4917","9","546","696","601","543","-1.22","889","3.13","N","N","Y","主要係因109年度支付員工資遣費用,致薪資平均數較110年度高。",
"生技醫療業","5312","寶島科","556747","811","686","698","587","597","4.83","714","1.38","N","Y","N","本公司雖屬生技產業，但因為沒有從事製造及研發，僅進行通路銷售，所以本公司大多數員工係為基礎門市銷售人員，非一般生技公司的高端技術研發人員，導致本公司員工平均薪資略低於生技產業平均薪資。",
"半導體業","5314","世紀","5774","10","577","853","566","836","-0.50","1296","7.57","N","N","Y","本公司110年7月因經營權異動，人員更替，造成非經理人之全時員工薪資平均數較前一年度減少。",
"光電業","5315","光聯","257786","513","503","490","443","426","1.74","820","1.93","N","N","N","",
"數位雲端","5321","美而快","23452","39","601","844","479","528","3.11","720","4.41","N","N","Y","1.本公司電子商務之營業收入達75%，但仍歸屬於電子零組件類，產業比較基礎不同。
2.本年度因組織扁平化及人員升遷制度，基層幹部升任主管職，故主管職人數大幅增加，導致非主管職平均薪資降低。",
"建材營造","5324","士開","36421","33","1104","979","1085","865","-0.64","902","2.00","N","N","N","",
"電子零組件業","5328","華容","16245","24","677","599","632","510","0.20","729","2.59","N","N","N","",
"電子零組件業","5340","建榮","187549","321","584","554","525","500","0.27","729","2.59","N","N","N","",
"半導體業","5344","立衛","113393","190","597","552","526","486","0.76","1296","7.57","N","N","N","",
"其他","5345","天揚","24422","29","842","782","637","705","-0.35","669","1.90","N","N","N","",
"半導體業","5347","世界","8739127","4915","1778","1353","1184","995","7.21","1296","7.57","N","N","N","",
"通信網路業","5348","系通","26845","41","655","683","594","672","-0.53","832","1.84","N","N","Y","主係110年度離職員工恰巧係屬年資及薪資較高者，新進員工之薪資水準較低，以致本年度員工中位數及平均數均下降。",
"半導體業","5351","鈺創","421481","247","1706","1056","1412","959","3.91","1296","7.57","N","N","N","",
"通信網路業","5353","台林","240539","347","693","656","609","575","1.01","832","1.84","N","N","N","",
"電子零組件業","5355","佳總","173527","348","499","470","475","436","-0.67","729","2.59","Y","N","N","1.因產業特性，作業人員及外籍員工占全公司員工的比率為76%，故拉低整體水準。
2.因近年來公司虧損，無額外季獎金、績效獎金及員工酬勞。",
"電腦及週邊設備業","5356","協益","182834","361","506","501","437","441","-0.28","828","5.18","N","N","N","",
"觀光餐旅","5364","力麗店","35762","78","458","500","374","418","-2.49","498","-0.73","Y","N","N","本產業多為低技術、低門檻、替代性高之工作，故薪資接近基本工資。又組織結構扁平，多以基層主管做管理，中高階人數少，整體平均薪資偏低。再則2021年covid-19疫情，影響國內外來客數，營收減少，實施減班休息所致。",
"光電業","5371","中光電","1855472","1557","1192","1158","1131","1072","5.12","820","1.93","N","N","N","",
"電子零組件業","5381","合正","27158","44","617","528","550","445","0.07","729","2.59","N","N","N","",
"其他電子業","5383","金利","136184","257","530","498","499","446","0.33","856","3.74","N","N","N","",
"電腦及週邊設備業","5386","青雲","22011","27","815","665","699","610","2.36","828","5.18","N","N","N","",
"光電業","5392","能率","7337","11","667","677","662","578","0.35","820","1.93","N","N","Y","本年度員工人數較前一年度減少，因離職人員年資較久薪資較高，新進員工起薪略低以致員工薪資平均數較前一年度略為減少。",
"其他","5398","慕康生醫","28807","40","720","722","635","627","0.33","669","1.90","N","N","N","",
"資訊服務業","5403","中菲","415711","343","1212","1133","1009","981","5.88","889","3.13","N","N","N","",
"資訊服務業","5410","國眾","234310","335","699","670","640","606","2.14","889","3.13","N","N","N","",
"半導體業","5425","台半","342340","502","682","677","541","521","3.55","1296","7.57","N","N","N","",
"電腦及週邊設備業","5426","振發","181570","314","578","592","516","526","-0.62","828","5.18","N","N","N","",
"光電業","5432","新門","7981","17","469","483","437","433","0.32","820","1.93","Y","N","Y","本公司因產線作業員占全體員工比達41.2% 因而拉低平均員工薪資, 使薪資平均數未達50萬元.  另薪資平均數較前一年度減少係因高薪資人員離職所致.",
"電腦及週邊設備業","5438","東友","118064","113","1045","1100","918","885","0.51","828","5.18","N","N","Y","因110年度設置生產線，增加產線作業人員；作業員薪資偏低，以致平均薪資衰退",
"電子零組件業","5439","高技","418106","543","770","697","663","602","4.61","729","2.59","N","N","N","",
"光電業","5443","均豪","407897","391","1043","997","957","899","1.54","820","1.93","N","N","N","",
"其他","5450","南良","362819","493","736","626","603","510","1.23","669","1.90","N","N","N","",
"其他電子業","5452","佶優","42321","29","1459","826","1183","719","1.60","856","3.74","N","N","N","",
"建材營造","5455","昇益","13768","11","1252","1270","997","1025","-0.09","902","2.00","N","N","Y","本公司110年度非擔任主管職之全時員工平均薪資1,252仟元，較109年度平均薪資1,270仟元，減少18仟元，減少幅度約1.42%，並無顯著減少，其中減少係因部分資深員工於110年度離職，而新進同仁年資及平均薪資較低所致。",
"電子零組件業","5457","宣德","252361","395","639","630","602","559","5.11","729","2.59","N","Y","N","本公司非經理人之全時員工(年度)薪資平均已較去年增加,就公司經營績效與全時員工薪資平均數尚屬合理",
"電子零組件業","5460","同協","68585","102","672","713","579","594","0.01","729","2.59","N","N","N","",
"電子零組件業","5464","霖宏","166478","369","451","400","420","378","4.81","729","2.59","Y","Y","N","本公司藍領外籍工人佔全體員工四分之一，外籍工薪資依契約核給工資，不計其他津貼項目，致全體薪資平均數未達50萬元。110年因出售不動產使EPS獲利表現較同業為佳，非本業獲利所致，且因受成本上漲影響，本業為負值。",
"電腦及週邊設備業","5465","富驊","24978","23","1086","920","987","895","1.27","828","5.18","N","N","N","",
"半導體業","5468","凱鈺","7744","9","860","851","799","947","0.19","1296","7.57","N","N","N","",
"電腦及週邊設備業","5474","聰泰","164985","126","1309","1270","1079","1036","9.66","828","5.18","N","N","N","",
"電子零組件業","5475","德宏","4900","11","445","494","444","437","3.73","729","2.59","Y","Y","Y","德宏109年初曾大量資遣資深員工，而110年度新進員工起薪較低，且受惠大陸子公司蘇州德宏110年度業績大好，故德宏公司110年度EPS較前一年度成長，惟非經理人全時員工薪資平均數衰退",
"文化創意業","5478","智冠","338201","385","878","911","757","767","6.84","1063","5.55","N","Y","N","110年EPS獲利雖較同業為佳，但低於109年，仍維持年度調薪與獎金發放。
110年調升員工擔任經理人，新進及離職人員增加，故平均數較109年減少。
主要據點分北、高兩區，兩區合併與一區產業相比，不一定具關聯性。",
"其他","5481","新華","5706","7","815","938","802","585","1.81","669","1.90","N","N","N","",
"半導體業","5483","中美晶","792754","609","1302","1128","1243","1163","11.62","1296","7.57","N","Y","N","本公司110年無論是EPS獲利表現或員工薪資-平均數，相較於109年，都是成長的。",
"半導體業","5487","通泰","51058","45","1135","1078","1077","1029","2.02","1296","7.57","N","N","N","",
"電子零組件業","5488","松普","37400","66","567","535","550","481","0.08","729","2.59","N","N","N","",
"其他電子業","5489","彩富","297532","339","878","674","649","588","1.25","856","3.74","N","N","N","",
"電腦及週邊設備業","5490","同亨","137903","140","985","1129","905","1047","1.41","828","5.18","N","N","N","",
"其他電子業","5493","三聯","62384","66","945","878","899","832","4.65","856","3.74","N","N","N","",
"電子零組件業","5498","凱崴","72789","129","564","561","536","513","0.18","729","2.59","N","N","N","",
"建材營造","5508","永信建","39736","32","1242","1180","1191","1110","8.90","902","2.00","N","N","N","",
"建材營造","5511","德昌","232850","264","882","835","634","647","4.15","902","2.00","N","Y","N","110年新進員工多為無經驗之基層人員，故平均薪資略低於同業水準。",
"建材營造","5512","力麒","33995","38","895","796","856","802","0.42","902","2.00","N","N","N","",
"建材營造","5514","三豐","10645","12","887","885","820","851","-0.04","902","2.00","N","N","N","",
"建材營造","5516","雙喜","107453","163","659","751","537","640","2.91","902","2.00","N","Y","N","本公司110年外籍勞工佔全時員工35%故壓低薪資平均數。",
"建材營造","5520","力泰","144879","133","1089","1105","1076","1039","5.56","902","2.00","N","N","Y","1. 110年度員工人數新增數十位,由於新進員工因此降低了總平均數.
2.本公司的司機報酬係以趟次、里程、時段來計價,因逢疫情關係,出車次數減少,故所得變少.",
"建材營造","5523","豐謙","10863","13","836","516","694","561","5.91","902","2.00","N","Y","N","1、主要係業外收入EPS1.57元及出售營建用地約EPS1.85元，本業EPS約計2.49元，與同業水準相當。
2、員工薪資均依薪資辦法執行，員工年度績效佳者，均會反映在年度調薪上，另年獎額外加分並獎勵。",
"建材營造","5529","鉅陞","14869","15","991","610","572","560","-1.03","902","2.00","N","N","N","",
"其他","5530","龍巖","424777","464","915","848","749","698","3.36","669","1.90","N","N","N","",
"其他電子業","5536","聖暉*","329252","277","1189","1244","998","1015","21.08","856","3.74","N","N","Y","因業務需求持續擴充服務量能，需補進大量新進人力並以基礎工程師為主，致平均薪資較前一年度減少。",
"航運業","5601","台聯櫃","5093","7","728","721","661","663","0.28","961","7.79","N","N","N","",
"航運業","5603","陸海","237250","253","938","715","903","692","9.20","961","7.79","N","Y","N","員工薪酬：本公司除依公司章程規定提列員工酬勞外，每月提撥16%~21%，每季或年底，再依營運績效及財務狀況檢討是否調整，核發方式則依各部門績效及員工考績，作為核發的主要依據。",
"其他","5604","中連","2647","4","662","611","663","718","6.75","669","1.90","N","Y","N","110年EPS6.75元,其中處分不動產利益影響EPS5.8元,因處分不動產為非經常性行為,若扣除該處分影響,110年EPS僅0.95元.109年本公司員工均薪611千元,110年為662千元,增加8%.薪資水準應符合一般標準",
"航運業","5609","中菲行","184922","160","1156","928","821","704","16.98","961","7.79","N","N","N","",
"觀光餐旅","5701","劍湖山","80923","194","417","389","347","336","-0.65","498","-0.73","Y","Y","N","本公司主營主題樂園及渡假飯店,屬勞力密集產業,故基層人力佔比高，影響整體平均薪資。",
"觀光餐旅","5703","亞都麗緻","75879","162","468","474","488","417","-1.77","498","-0.73","Y","N","Y","1.因疫情因素很多資深同仁退休，故相對平均薪資下降許多。
2.110年3、4、5月因疫情此三個月實發8成薪資，6、7、8此三個月因疾病管理署公告餐館禁止內用，亞都因此停業三個月，故薪資下降許多。",
"觀光餐旅","5704","老爺知","82061","168","488","482","421","396","1.51","498","-0.73","Y","Y","N","1.本公司位處台東，薪資及消費水平相較國內其他縣市低；但相較同區域同業薪資水平並無偏低。
2.休閒飯店業所需基層服務人員數量較多、佔比較高，故使得薪資平均數降低。",
"金融業","5864","致和證","145822","198","736","583","659","442","2.79","1267","2.93","N","Y","N","本公司EPS高於同業平均數，係因自營部的營業證券操作利益，
與一般非經理人全時員工較無關聯性，業務績效較上期成長故非經
理人全時員工薪酬也較上期增加。（平均數較上期增加153仟元
，中位數較上期增加217仟元)",
"金融業","5878","台名","29720","48","619","584","531","526","2.98","1267","2.93","N","Y","N","公司為保經公司，員工均為內勤行政，與金控銀行含業務銷售人員結構不同。
110年非主管員工平均薪資較109年成長約6%，中位數亦較109年提升，顯示公司致力提高員工薪資數額。",
"居家生活","5902","德記","74798","87","860","883","721","741","1.57","618","5.32","N","N","Y","係因新增13名員工  致使整體平均薪資微幅減少",
"居家生活","5903","全家","2202067","2860","770","834","716","775","6.02","618","5.32","N","N","N","",
"居家生活","5904","寶雅","1563772","3202","488","477","426","409","18.25","618","5.32","Y","Y","N","1.公司屬零售業直營型態(非加盟)的自助型賣場，90%人力屬第ㄧ線服務人員(其中含27%計時人員)。且因大規模展店，晉用高比例新人及職場新鮮人予以培訓，影響平均薪資。
2.公司每年依員工績效考核結果予以晉升、調薪。",
"觀光餐旅","5905","南仁湖","101219","284","356","372","338","353","-0.77","498","-0.73","Y","N","N","110年度扣除轉投資收益後，本公司稅前淨損為98,738千元。勞動部薪資查詢系統，同業非擔任主管職員工薪資為25,270元~44,061元 (月)。本公司年度薪資平均數為356千元(每月為29,667元)，與同業並無重大差異。",
"金融業","6015","宏遠證","553529","391","1416","988","1237","808","3.74","1267","2.93","N","N","N","",
"金融業","6016","康和證","854067","563","1517","1111","1129","888","2.33","1267","2.93","N","N","N","",
"金融業","6020","大展證","48231","61","791","652","756","674","3.40","1267","2.93","N","Y","N","本公司110年度經營績效成長主要來自自營單位及經紀部門本公司均按貢獻度發放獎金給予相關同仁",
"金融業","6021","美好證","363437","313","1161","788","963","670","1.05","1267","2.93","N","N","N","",
"金融業","6023","元大期貨","421484","362","1164","1184","959","1016","2.97","1267","2.93","N","Y","N","本公司110年EPS2.97較同業為佳，但較前一年EPS4.23減少30%，且因儲備人力引進基層員工以致非主管之全時員工數較前一年增加3%，因此110年度員工薪資平均數稀釋1.7%，尚屬合理範圍。",
"金融業","6026","福邦證","257936","174","1482","970","1207","827","5.00","1267","2.93","N","N","N","",
"文化創意業","6101","寬魚國際","11998","19","631","624","605","573","-0.63","1063","5.55","N","N","N","",
"半導體業","6103","合邦","3085","7","441","396","467","408","-0.04","1296","7.57","Y","N","N","因110年本公司持續虧損,未執行調薪事宜,故造成薪資平均數未達50萬元",
"半導體業","6104","創惟","542091","283","1916","1741","1696","1520","6.41","1296","7.57","N","N","N","",
"通信網路業","6109","亞元","40096","57","703","655","687","606","-1.39","832","1.84","N","N","N","",
"文化創意業","6111","大宇資","85877","117","734","810","666","742","11.36","1063","5.55","N","Y","Y","110年度晉用新進人數較前一年度多且多屬資淺同仁。
110年度EPS(11.36元)較前一年度(0.88元)增加，主要為處分轉投資與IP無形資產所產生之營業外利益。",
"電子通路業","6113","亞矽","39583","44","900","866","873","852","0.85","774","1.27","N","N","N","",
"電子零組件業","6114","久威","34188","45","760","747","657","621","0.33","729","2.59","N","N","N","",
"電子通路業","6118","建達","125762","210","599","588","528","535","0.60","774","1.27","N","N","N","",
"電腦及週邊設備業","6121","新普","517717","388","1334","1243","1168","1101","34.50","828","5.18","N","N","N","",
"電機機械","6122","擎邦","160426","192","836","819","797","811","0.79","664","2.08","N","N","N","",
"資訊服務業","6123","上奇","37223","46","809","763","719","735","4.87","889","3.13","N","N","N","",
"電子零組件業","6124","業強","15800","22","718","1395","609","1225","1.29","729","2.59","N","N","N","",
"光電業","6125","廣運","263551","308","856","785","759","695","-1.14","820","1.93","N","N","N","",
"電子零組件業","6126","信音","16524","21","787","841","760","750","1.97","729","2.59","N","N","N","",
"電子零組件業","6127","九豪","114013","201","567","507","520","484","0.47","729","2.59","N","N","N","",
"半導體業","6129","普誠","161167","173","932","890","838","770","0.63","1296","7.57","N","N","N","",
"生技醫療業","6130","星寶國際","4297","9","477","422","405","384","1.06","714","1.38","Y","N","N","本公司於109年8月14日發放限制行員工權利新股400,000股。及110年10月30日現金增資8,000,000股,經董事會通過提撥10%予員工認股,係為吸引、留任、激勵優秀人才，並提升員工向心力。",
"電子零組件業","6134","萬旭","86620","130","666","651","616","571","-0.54","729","2.59","N","N","N","",
"半導體業","6138","茂達","485768","268","1813","1362","1515","1178","12.90","1296","7.57","N","N","N","",
"資訊服務業","6140","訊達電腦","84082","146","576","655","462","530","0.68","889","3.13","N","N","N","",
"通信網路業","6143","振曜","361426","498","726","698","612","586","3.33","832","1.84","N","Y","N","本公司主要產品的製造、生產皆位於台灣，製造生產人力佔總人數55.7%，其中外籍移工佔全體23.14%，絕大部分屬於基層生產人員，致薪資平均數低於同業水準。",
"文化創意業","6144","得利影","36364","70","519","570","483","513","-0.78","1063","5.55","N","N","N","",
"其他電子業","6146","耕興","645417","648","996","877","761","696","11.01","856","3.74","N","N","N","",
"半導體業","6147","頎邦","5369068","5571","964","817","826","717","9.00","1296","7.57","N","Y","N","1.半導體業含晶片設計、製造及後段封測，員工結構差異致平均薪資不盡具可比較性；
2.外籍技術員1,442人，占計算母體24%，拉低平均年薪。",
"資訊服務業","6148","驊宏資","40278","52","775","773","671","652","0.98","889","3.13","N","N","N","",
"電腦及週邊設備業","6150","撼訊","192899","113","1707","755","1561","700","24.00","828","5.18","N","N","N","",
"其他電子業","6151","晉倫","70277","86","817","657","688","583","4.04","856","3.74","N","Y","N","公司經營績效之優劣，影響員工年終獎金、員工酬勞及績效獎金之發放。
EPS較同業及去年度佳,本年度提列之年終獎金及員工酬勞較去年度增加5,564仟元及4,267仟元；薪資平均數與同業薪資平均水準相當差異不大約為2.6%。",
"電子通路業","6154","順發","245171","520","471","430","411","385","1.76","774","1.27","Y","Y","N","本公司之產業類別隸屬電子通路業，但產業中包含製造商、代理商等，比較基準不同。以3C零售業而言，本公司之獲利表現並未優於零售通路同業；參考業界薪資調查報告之數據，薪資符合門市零售行業之合理水準。",
"電子零組件業","6156","松上","23108","22","1050","1242","1207","1020","1.29","729","2.59","N","N","N","",
"電子零組件業","6158","禾昌","138748","135","1028","1010","876","857","3.09","729","2.59","N","N","N","",
"電腦及週邊設備業","6160","欣技","164939","197","837","686","727","640","0.52","828","5.18","N","N","N","",
"電腦及週邊設備業","6161","捷波","48471","55","881","830","711","673","3.28","828","5.18","N","N","N","",
"通信網路業","6163","華電網","627487","619","1014","894","854","765","1.43","832","1.84","N","N","N","",
"光電業","6167","久正","112507","223","505","513","457","459","0.50","820","1.93","N","N","Y","110年度舊員工(薪資較高)退休,新進員工薪資水準相對較低,故造成平均薪資較109年度減少",
"文化創意業","6169","昱泉","2554","5","511","899","487","814","-0.71","1063","5.55","N","N","Y","1.109年因組織及經營策略調整，支付資遣及離職金7,048(仟元)，110年此費用僅60(仟元)，故110年較109年度大幅減少虧損，相對EPS則成長。
2.109年非主管全時人員資遣費及離職金達1,558(仟元)，110年則無。",
"通信網路業","6170","統振","43469","55","790","775","586","586","1.86","832","1.84","N","Y","N","1.低於同業水準主係因應移工匯款業務雇用較多基層員工導致平均薪資減少。
2.110年度所提列之員工酬勞19,892仟元尚未擬予分配發放，無法區分非擔任主管職務之全時員工所獲配的金額，故申報未納入計算所致。",
"建材營造","6171","大城地產","7202","12","600","676","596","634","4.82","902","2.00","N","Y","Y","本公司因行業特性，營收認列採全部完工法，故每年獲利起伏甚大。本公司會依前一年度經營績效適度調整當年度員工薪酬，故110年度較佳的經營績效會於111年度的員工薪酬酌加考量。",
"電子零組件業","6173","信昌電","564099","666","847","793","680","651","6.67","729","2.59","N","N","N","",
"電子零組件業","6174","安碁","104789","180","582","466","528","415","1.79","729","2.59","N","N","N","",
"電子零組件業","6175","立敦","47907","65","737","638","722","633","3.45","729","2.59","N","N","N","",
"其他","6179","亞通","123619","123","1005","976","936","874","1.84","669","1.90","N","N","N","",
"文化創意業","6180","橘子","409013","420","974","999","761","799","6.30","1063","5.55","N","Y","Y","本公司每年均與知名顧問公司合作進行薪資調查以確保薪酬具有市場競爭力。惟員工平均薪資受到許多不同因素影響，包括公司的人力組成與職等結構，因此並不能完全用以衡量公司經營績效與員工薪酬的相關性。",
"半導體業","6182","合晶","738587","952","776","717","709","650","2.02","1296","7.57","N","N","N","",
"電子零組件業","6185","幃翔","8109","17","477","455","398","424","-0.67","729","2.59","Y","N","N","疫情影響，110年營收下滑虧損，致無提撥員工酬勞分派；本公司110年度仍有調整員工薪資，非主管職之平均薪資較109年度增4.8%。",
"建材營造","6186","新潤","43684","32","1365","1387","975","1205","3.08","902","2.00","N","N","N","",
"其他電子業","6187","萬潤","262325","234","1121","932","962","854","6.64","856","3.74","N","N","N","",
"電腦及週邊設備業","6188","廣明","212842","149","1428","1253","1141","1052","3.57","828","5.18","N","N","N","",
"通信網路業","6190","萬泰科","174493","200","872","680","784","593","1.68","832","1.84","N","N","N","",
"電子零組件業","6194","育富","2297","4","574","575","553","554","0.26","729","2.59","N","N","N","",
"居家生活","6195","詩肯","221612","346","640","580","562","516","5.54","618","5.32","N","N","N","",
"半導體業","6198","瑞築","6373","8","797","913","673","779","-0.14","1296","7.57","N","N","Y","本公司因連續虧損故進行人事調整縮減費用，故EPS較前一年度增加，非經理人薪資平均數較前一年減少。",
"其他","6199","天品","6140","9","682","500","140","313","0.68","669","1.90","N","N","N","",
"電子零組件業","6203","海韻電","98965","110","900","978","736","849","9.42","729","2.59","N","N","Y","主要係110年度非擔任主管職務之全時員工”平均人數”較去年增加，增加14人, 增幅約為15%，為因應整個商業世界的高度變化，活化和年輕化公司組織，招聘多位年輕員工，故非經理人之全時員工薪資平均數較前一年度減少。",
"電子零組件業","6204","艾華","41604","77","540","539","488","471","12.41","729","2.59","N","Y","N","我司110年度出售不動產獲利對EPS影響為10.33元，排除出售不動產獲利後之EPS與同業平均數差異不大。",
"電子零組件業","6207","雷科","117975","174","678","601","632","567","3.07","729","2.59","N","Y","N","本公司每股盈餘中約20%來自於營業外收益的貢獻，對於薪資水準核算並無相關，另，本公司產品種類分為高毛利的自製雷射設備產品以及電子零組件捲裝材料兩種屬性，營收佔比約各半，市場上應無同業符合相同營運狀況。",
"電子零組件業","6208","日揚","286155","310","923","855","784","763","3.32","729","2.59","N","N","N","",
"電子零組件業","6210","慶生","158472","260","610","606","568","561","2.95","729","2.59","N","Y","N","本公司目標市場定位為高毛利訂單，故每股盈餘表現一般均較同業為佳，非經理人之全時員工薪資均參酌就業市場及勞動法令執行，平均數雖低於同業水準，僅為一統計數之計算，但並無影響公司運作，故應無是否合理之虞。",
"建材營造","6212","理銘","28577","22","1299","1179","1137","1071","4.09","902","2.00","N","N","N","",
"電子零組件業","6217","中探針","160792","248","648","680","484","529","2.70","729","2.59","N","Y","Y","本公司非擔任主管職務之員工，主要係110年度部分資深人員離職，而新進人員係因產能擴充多以產線人力居多，以致本公司員工薪酬平均數略低於50萬元及同業公司。",
"通信網路業","6218","豪勉","126438","124","1020","1037","916","896","0.70","832","1.84","N","N","N","",
"建材營造","6219","富旺","34394","32","1075","1029","651","716","0.44","902","2.00","N","N","N","",
"電子零組件業","6220","岳豐","92193","143","645","712","600","634","0.76","729","2.59","N","N","N","",
"資訊服務業","6221","晉泰","197613","189","1046","1081","941","948","2.95","889","3.13","N","N","N","",
"光電業","6222","上揚","8233","18","457","500","463","486","-0.38","820","1.93","Y","N","N","本公司目前尚屬虧損階段，待公司營運改善轉虧為盈後,再評估調整計畫。",
"半導體業","6223","旺矽","1842792","1594","1156","1154","1008","995","7.44","1296","7.57","N","N","N","",
"電子通路業","6227","茂綸","225734","198","1140","1056","1135","1020","5.56","774","1.27","N","N","N","",
"電腦及週邊設備業","6228","全譜","17498","28","625","625","560","577","-0.13","828","5.18","N","N","N","",
"半導體業","6229","研通","23308","21","1110","832","965","834","4.49","1296","7.57","N","N","N","",
"資訊服務業","6231","系微","511182","451","1133","1071","963","923","5.94","889","3.13","N","N","N","",
"半導體業","6233","旺玖","78511","69","1138","1155","1028","1011","0.75","1296","7.57","N","N","Y","公司EPS較前一年度成長惟非經理人之全時員工薪資平均數較前一年度減少，係因研發人員異動，致110年度平均薪資較109年度下降。",
"光電業","6234","高僑","77492","134","578","566","457","422","1.24","820","1.93","N","N","N","",
"其他","6236","康呈","6575","13","506","496","460","470","-0.17","669","1.90","N","N","N","",
"半導體業","6237","驊訊","171671","126","1362","1214","1261","1107","5.75","1296","7.57","N","N","N","",
"其他","6240","松崗","1025","2","513","437","513","453","1.13","669","1.90","N","N","N","",
"通信網路業","6241","易通展","45738","71","644","773","540","660","-3.15","832","1.84","N","N","N","",
"生技醫療業","6242","立康","54766","105","522","553","423","446","2.32","714","1.38","N","Y","N","公司營運型態偏向零售之服務業，相對聘用之員工大多數為現場客服人員居多，對學歷與技術層面之標準屬中間層次，
導致薪資水準相對較生技醫療業同業水準低。對此，公司將會以獎金制度、員工持股會等機制來激勵員工。",
"光電業","6244","茂迪","432573","596","726","742","642","653","0.30","820","1.93","N","N","N","",
"通信網路業","6245","立端","613243","697","880","828","698","663","4.65","832","1.84","N","N","N","",
"光電業","6246","臺龍","12814","17","754","704","726","686","0.91","820","1.93","N","N","N","",
"鋼鐵工業","6248","沛波","31574","49","644","648","635","482","1.62","857","3.17","N","N","N","",
"電子零組件業","6259","百徽","12390","19","652","653","641","584","0.03","729","2.59","N","N","N","",
"半導體業","6261","久元","930815","971","959","762","808","612","8.41","1296","7.57","N","Y","N","1.直接員工佔總人數49%，使得平均薪資較低。
2.109年EPS僅4.12元，110年獲利倍增，員工分潤於111年才會顯現。",
"通信網路業","6263","普萊德","107240","138","777","751","708","719","5.14","832","1.84","N","Y","N","本司EPS較高主係品牌效益
每年調薪均3%以上且非主管職員工平均調薪達4.2%優於主管調薪幅度
每年發放之員工酬勞皆優於章程所訂比例
員工平均年資達9年且離職率低尚有員工健檢休假制度與生育及子女教育津貼等福利",
"建材營造","6264","富裔","10382","15","692","603","653","610","-0.19","902","2.00","N","N","N","",
"電子通路業","6265","方土昶","10376","16","649","588","563","555","0.64","774","1.27","N","N","N","",
"電子零組件業","6266","泰詠","219313","351","625","563","590","515","1.59","729","2.59","N","N","N","",
"電子通路業","6270","倍微","61836","55","1124","1032","1088","961","2.36","774","1.27","N","N","N","",
"電子零組件業","6274","台燿","888491","1042","853","803","744","675","7.01","729","2.59","N","N","N","",
"電子零組件業","6275","元山","262786","435","604","543","472","413","2.86","729","2.59","N","Y","N","本公司EPS較同業佳薪資平均數低於同業，係因第一線員工人數占比高年資短所致，惟110年平均薪資604千元較上年度543千元高，當年度薪資發放總額較上年度增加44,953千元，未來薪資調整幅度將逐步修正以期達到同業水平。",
"電腦及週邊設備業","6276","安鈦克","20325","25","813","895","707","821","1.09","828","5.18","N","N","N","",
"電子零組件業","6279","胡連","322061","399","807","693","714","626","7.91","729","2.59","N","N","N","",
"電子零組件業","6284","佳邦","426365","720","592","536","562","521","4.04","729","2.59","N","Y","N","本公司非擔任主管職務之員工主要以直接人力居多，約佔全員之70%，且員工薪資平均數較去年成長，故主要原因為人力結構造成平均薪資與同業的落差。",
"半導體業","6287","元隆","234836","415","566","500","478","410","0.24","1296","7.57","N","N","N","",
"電子零組件業","6290","良維","49384","49","1008","1013","789","777","3.05","729","2.59","N","N","N","",
"半導體業","6291","沛亨","20161","21","960","923","971","918","1.19","1296","7.57","N","N","N","",
"電子零組件業","6292","迅德","33439","38","880","924","667","757","5.01","729","2.59","N","N","Y","主要因素
組成份子不同，110年有4位資深員工退休及離職,新進4位滿6個月以上之員工，其薪資平均數相差289仟元。",
"文化創意業","6294","智基","158601","312","508","521","467","475","11.21","1063","5.55","N","Y","N","一、本公司員工組成年輕化，年資較淺。
二、本公司主要從事補教業務，薪資已高於一般補教業水準，但本公司仍每半年會依員工績效調整薪資。
三、隨著公司成長，未來薪資調整幅度會逐一修正，以期達到文創業之水平。",
"半導體業","6411","晶焱","327366","110","2976","2271","837","794","10.32","1296","7.57","N","N","N","",
"通信網路業","6417","韋僑","208769","378","552","492","460","406","3.02","832","1.84","N","Y","N","本公司產品皆為客製化且少量多樣，難以全自動化生產，需投入大量作業人力，且員工結構中近半數為直接作業人員(包含外籍移工)，故整體平均薪資低於同業水準。",
"電子零組件業","6418","詠昇","19578","39","502","497","474","477","-0.68","729","2.59","N","N","N","",
"光電業","6419","京晨科","31755","42","756","703","602","504","4.87","820","1.93","N","Y","N","雖本公司110年Eps4.87相較同業平均EPS1.86高
本業狀況雖明顯好轉，虧損大幅收斂
惟本公司110年度主要獲利係營業外收入產生，導致EPS優於同業
綜上，並未有本公司營業狀況優於同業，但平均薪資較同業仍偏低之情事",
"電機機械","6425","易發","122904","178","690","727","641","682","-2.52","664","2.08","N","N","N","",
"電子零組件業","6432","今展科","64824","77","842","746","760","658","2.91","729","2.59","N","N","N","",
"半導體業","6435","大中","158656","80","1983","1525","1829","1409","13.09","1296","7.57","N","N","N","",
"電腦及週邊設備業","6441","廣錠","64038","122","525","564","459","498","-2.88","828","5.18","N","N","N","",
"生技醫療業","6446","藥華藥","228391","198","1153","1085","918","853","-10.80","714","1.38","N","N","N","",
"半導體業","6457","紘康","156106","82","1904","1268","1746","1167","12.71","1296","7.57","N","N","N","",
"生技醫療業","6461","益得","56042","64","876","717","723","549","-2.97","714","1.38","N","N","N","",
"半導體業","6462","神盾","434867","291","1494","1470","1228","1202","-3.11","1296","7.57","N","N","N","",
"通信網路業","6465","威潤","44070","52","848","749","721","689","-1.71","832","1.84","N","N","N","",
"生技醫療業","6469","大樹","611693","1213","504","500","459","443","5.83","714","1.38","N","Y","N","本公司屬零售通路業，門市人員居多，因同質工作選擇性多致流動率高，較難以平均薪資評論，公司對於員工有進階考核、升遷，每年調薪2%~4%，亦投入大量培訓成本及提升各項福利，致力提供具成長且福利健全之工作環境。",
"通信網路業","6470","宇智","166368","218","763","854","635","604","3.42","832","1.84","N","Y","N","通信網路業產型能不盡相同，本公司以台灣生產為主之網通製造業。
依據營運人力需求，多數為生產線之基層人員，導致整體平均薪資受影響，經排除生產線之基層人員後試算，與同業相較，差異不大。",
"生技醫療業","6472","保瑞","103346","150","689","636","513","462","11.04","714","1.38","N","Y","N","110年有併購加拿大一次性收益，致整體EPS大幅增加，公司110年平均薪資及中位數皆較109年大幅成長，成長幅度亦高於同業，本公司持續以經營績效、風險、員工個人表現及薪資市場價值設定合理關聯性，適度調整薪資及報酬",
"文化創意業","6482","弘煜科","28141","55","512","491","471","440","1.34","1063","5.55","N","N","N","",
"半導體業","6485","點序","209836","195","1076","968","874","771","12.20","1296","7.57","N","Y","N","公司有制定員工分紅與利潤共享的獎金機制，因110年度的EPS以第三季、第四季較高，
而分紅與部分獎金發放時間點在111年度，以致於公司110年EPS與薪酬統計資料有時間差。",
"通信網路業","6486","互動","358873","332","1081","1007","755","752","6.73","832","1.84","N","N","N","",
"半導體業","6488","環球晶","1882901","1563","1205","1104","1124","1068","27.27","1296","7.57","N","Y","N","本公司110年因併購專案費用高，致EPS/獲利相較109年減少，相對員工報酬減少，惟整體平均薪資仍較109年成長",
"生技醫療業","6492","生華科","23596","21","1124","1087","1049","1002","-3.67","714","1.38","N","N","N","",
"半導體業","6494","九齊","204398","109","1875","1316","1623","1177","17.21","1296","7.57","N","N","N","",
"生技醫療業","6496","科懋","105903","107","990","990","831","796","-0.34","714","1.38","N","N","N","",
"生技醫療業","6499","益安","51318","34","1509","1002","1376","920","28.54","714","1.38","N","N","N","",
"紡織纖維","6506","雙邦","215328","319","675","566","622","495","0.83","657","1.07","N","N","N","",
"農業科技","6508","惠光","72290","122","593","571","479","474","3.85","675","3.94","N","N","N","",
"化學工業","6509","聚和","351765","418","842","783","751","711","2.48","740","2.05","N","N","N","",
"半導體業","6510","精測","1004424","998","1006","1012","934","917","27.20","1296","7.57","N","Y","N","1. 本公司營運所需，人才結構多元，直接員工數高於三成。
2. 公司營運持續成長，新進員工亦隨之量增，佔比約一成五。
3. 111年已全面調薪，並持續優化薪福，提撥20~30％盈餘，發放員工酬勞與獎金。",
"其他電子業","6512","啟發電","35304","53","666","659","502","526","-1.51","856","3.74","N","N","N","",
"資訊服務業","6516","勤崴國際","101454","127","799","764","756","737","1.09","889","3.13","N","N","N","",
"生技醫療業","6523","達爾膚","56731","73","777","674","707","635","6.58","714","1.38","N","N","N","",
"生技醫療業","6527","明達醫","71728","85","844","726","671","591","3.24","714","1.38","N","N","N","",
"通信網路業","6530","創威","42900","74","580","512","479","411","1.09","832","1.84","N","N","N","",
"半導體業","6532","瑞耘","73601","115","640","630","583","572","2.63","1296","7.57","N","N","N","",
"生技醫療業","6535","順藥","36853","32","1152","1178","1112","1100","0.64","714","1.38","N","N","Y","公司110年度獲利增加，主系股權投資之評價及處分利益挹注使業外收入增加，然公司因藥物開發本業持續投入研發費用，常態性呈現營業虧損。至於同期薪資平均數減少主系人員流動造成，且影響幅度小於3%，未有重大變化。",
"電子零組件業","6538","倉和","138408","215","644","678","525","564","4.13","729","2.59","N","Y","N","1.本公司以少量多樣客製化產品為主，生產需較多人力，屬勞力密集產業，直接人工及生產間接人員占比較高，致平均薪資低於同業水準，後續視營運狀況調整
2.外籍勞工約佔公司人力百分之十四，其薪資水準低於本國勞工",
"文化創意業","6542","隆中","13692","20","685","807","683","699","-3.89","1063","5.55","N","N","N","",
"生技醫療業","6547","高端疫苗","121652","113","1077","904","863","770","6.65","714","1.38","N","N","N","",
"半導體業","6548","長科*","132875","195","681","568","616","503","4.81","1296","7.57","N","N","N","",
"光電業","6556","勝品","243985","369","661","613","559","515","4.46","820","1.93","N","Y","N","業務型態為ODM/OEM之安控產品製造，2021年因應公司訂單接單方式，調高直接生產之基層人力比例，調整後之直接人員人力配置佔比約為50%，直接人力薪資約佔總薪資之三成，因此影響非擔任主管職務之全時員工平均薪資。",
"光電業","6560","欣普羅","63552","46","1382","1072","1192","948","9.43","820","1.93","N","N","N","",
"通信網路業","6561","是方","251029","140","1793","1678","1660","1552","9.75","832","1.84","N","N","N","",
"半導體業","6568","宏觀","138717","87","1594","1701","1402","1506","5.65","1296","7.57","N","N","N","",
"生技醫療業","6569","醫揚","92604","101","917","938","864","866","4.22","714","1.38","N","N","N","",
"電腦及週邊設備業","6570","維田","71358","100","714","636","639","561","3.58","828","5.18","N","N","N","",
"生技醫療業","6574","霈方","232765","379","614","660","471","548","0.63","714","1.38","N","N","N","",
"生技醫療業","6576","逸達","30166","24","1257","1097","1199","1044","-4.85","714","1.38","N","N","N","",
"電腦及週邊設備業","6577","勁豐","133381","158","844","789","755","738","4.24","828","5.18","N","N","N","本公司員工薪酬除依公司章程規定提列外，估列之基礎係依據公司當年度之獲利情形(稅前淨利)、職務、專業能力、貢獻度及每年考核之績效等做為調薪及獎酬之依據。",
"農業科技","6578","達邦蛋白","21189","41","517","514","473","485","-1.92","675","3.94","N","N","N","",
"通信網路業","6588","東典","58395","106","551","646","497","590","0.48","832","1.84","N","N","N","",
"生技醫療業","6589","台康生技","206297","218","946","883","836","758","-0.18","714","1.38","N","N","N","",
"資訊服務業","6590","普鴻","120527","131","920","920","861","840","4.64","889","3.13","N","N","N","",
"資訊服務業","6593","台灣銘板","139951","222","630","574","539","475","0.84","889","3.13","N","N","N","",
"文化創意業","6596","寬宏藝術","19814","39","508","716","522","456","-2.86","1063","5.55","N","N","N","",
"電機機械","6603","富強鑫","162781","263","619","579","545","503","0.80","664","2.08","N","N","N","",
"電機機械","6609","瀧澤科","213023","310","687","557","614","498","2.51","664","2.08","N","N","N","",
"生技醫療業","6612","奈米醫材","35341","58","609","570","467","434","1.74","714","1.38","N","Y","N","目前本公司的獲利來自營業外收入-認列採權益公司之利益占比仍重，本公司個體本業獲利仍有努力空間；本公司重視與公司一起努力的全體員工，儘管疫情影響，110年度薪資調幅為1%~ 5％，111年度薪資調幅為5%~10%。。",
"其他電子業","6613","朋億*","163648","140","1169","1222","968","1062","16.75","856","3.74","N","N","Y","係因前一年度資深高薪員工異動占多數，且本年度新進同仁均傾向年輕化所致。",
"生技醫療業","6615","慧智","45654","71","643","600","567","557","2.68","714","1.38","N","Y","N","本公司著重技術檢測，檢測員工佔40%，員工年資平均2.34年，年資1年以下佔比16%且聘任工作年資3年以下之人員為多，薪酬不易顯現年資效果，薪資固定鮮少加班。本公司秉持於人才培育及創造友善職場等無形資源投資。",
"綠能環保","6624","萬年清","33871","51","664","649","569","634","0.04","804","2.92","N","N","N","",
"半導體業","6640","均華","172675","150","1151","899","845","837","5.84","1296","7.57","N","N","N","",
"電子零組件業","6642","富致","83838","127","660","571","509","461","4.65","729","2.59","N","Y","N","本公司產品皆在台灣生產，無海外生產基地，故生產線人員比重佔全公司人員比重超過六成。所以年薪呈現上，會較同業在台灣是以管理及研發為主的公司低，此因人力結構上的差異造成平均薪資上的落差。",
"半導體業","6643","M31","372618","190","1961","1940","1633","1663","8.12","1296","7.57","N","N","N","",
"生技醫療業","6649","台生材","16664","23","725","729","584","669","-1.44","714","1.38","N","N","Y","因應產能放大需求，增加較多現場操作員，故造成員工薪資平均數及中位數較前一年減少",
"半導體業","6651","全宇昕","92725","82","1131","988","818","772","7.77","1296","7.57","N","Y","N","1.所評半導體產業含IC設計與晶圓製造廠，上游之IC設計廠多屬研發人員，薪資結構較高。
2.本公司110年度營收獲利成長，發放獎金、酬勞及績效增加，110年亦發行限制員工權利股票，故非經理人全時員工薪資平均數較高。",
"其他電子業","6654","天正國際","58517","91","643","551","563","492","6.26","856","3.74","N","Y","N","主係本公司110年度列入全職員工計算之新進員工及外籍勞工約當24位，約佔計算母體26.37%，且新進員工及外籍勞工薪資及其績效貢獻度較低，故導致相對於獎金分配亦較一年度以上之員工較少，是故拉低整體員工薪資平均數",
"生技醫療業","6661","威健生技","37566","54","696","729","650","610","0.59","714","1.38","N","N","N","",
"生技醫療業","6662","樂斯科","50445","67","753","737","625","629","1.76","714","1.38","N","N","N","",
"電子零組件業","6664","群翊","195618","212","923","872","892","837","6.12","729","2.59","N","N","N","",
"其他電子業","6667","信紘科","241700","292","828","807","733","732","3.27","856","3.74","N","N","N","",
"半導體業","6679","鈺太","56245","43","1308","992","1120","928","15.06","1296","7.57","N","Y","N","1.公司致力於提供具競爭力之薪資福利以吸引及留任優秀人才，110年非擔任主管職務之全時員工薪資較109年增加約32%。
2.新進員工年齡資歷較淺，影響年度薪資平均數計算。
3.本公司已於111年度3月大幅調薪平均約10%。",
"電腦及週邊設備業","6680","鑫創電子","31312","39","803","804","626","767","1.79","828","5.18","N","N","N","",
"半導體業","6683","雍智科技","227251","250","909","920","760","780","15.50","1296","7.57","N","Y","Y","本公司員工中後段組裝產線直接人工比率較高，直接人力結構上雇用較多外籍勞工擔任。本期新增人力多以產線為主，以致平均薪資下降。",
"半導體業","6684","安格","76935","64","1202","0","1148","0","6.59","1296","7.57","N","N","N","",
"數位雲端","6690","安碁資訊","256062","247","1037","1089","856","933","5.11","720","4.41","N","N","Y","110年招募之員工屬初級工程師較多,使得初級工程師佔全體員工之比例較去年度提高,進而使得平均薪資降低",
"資訊服務業","6697","東捷資訊","139827","166","842","831","667","723","2.65","889","3.13","N","N","N","",
"生技醫療業","6703","軒郁","51585","88","586","679","646","604","6.84","714","1.38","N","Y","Y","本公司係參考104職務薪酬報告及新進/應徵人員徵信調查表評估員工之薪資結構，係依照每年KPI調整，並提供員工認股等福利，以避免低於同業水準。",
"生技醫療業","6712","長聖","52316","90","581","647","503","512","6.00","714","1.38","N","Y","Y","因應本公司新產品開發、產能提升及業務拓展需求，故有增聘員工之情事，新進員工較多為社會新鮮人及與業績連結之業務人員，故使員工薪資平均數低於同業，且較前一年度減少。",
"半導體業","6716","應廣","118346","56","2113","1690","1724","1457","11.52","1296","7.57","N","N","N","",
"電子零組件業","6727","亞泰金屬","84208","103","818","799","736","722","5.75","729","2.59","N","N","N","",
"居家生活","6728","上洋","154788","204","759","693","652","612","11.74","618","5.32","N","N","N","",
"半導體業","6732","昇佳電子","555502","166","3346","2355","2928","2132","33.97","1296","7.57","N","N","N","",
"生技醫療業","6733","博晟生醫","17169","18","954","0","717","0","-1.37","714","1.38","N","N","N","",
"生技醫療業","6747","亨泰光","100509","137","734","779","607","624","10.01","714","1.38","N","N","Y","1.EPS 110年10.01元較109年5.68元成長76.23%，主係處分子公司利益，使EPS增加2.82元，佔EPS成長65.13%。
2.本公司110年新進人員較109年成長7％，由於新進人員薪資結構較資深同仁略低，致使公司平均薪資相對減少。",
"資訊服務業","6751","智聯服務","45974","54","851","837","768","749","2.44","889","3.13","N","N","N","",
"資訊服務業","6752","叡揚","536517","550","975","968","839","830","4.70","889","3.13","N","N","N","",
"電子零組件業","6761","穩得","96867","109","889","0","818","0","8.54","729","2.59","N","N","N","",
"生技醫療業","6762","達亞","74936","106","707","807","625","706","6.04","714","1.38","N","Y","N","依EPS決定獎金發放數，109/110年EPS及平均薪資分別為10.67/6.04、807/707仟元。達亞為醫療器材製造業，非主管職之作業員占30%，與其他同業之研發型公司不同。因營運模式、員工組成結構不同，故平均薪資水準不同",
"數位雲端","6763","綠界科技","152206","171","890","0","785","0","21.42","720","4.41","N","N","N","",
"生技醫療業","6767","台微醫","20179","32","631","591","503","484","-1.64","714","1.38","N","N","N","",
"半導體業","6788","華景電","133871","138","970","0","884","0","7.08","1296","7.57","N","N","N","",
"綠能環保","6803","崑鼎","775293","794","976","972","874","855","13.15","804","2.92","N","N","N","",
"運動休閒","6804","明係","91775","183","502","0","420","0","1.85","712","5.56","N","N","N","",
"電機機械","6829","千附精密","313200","480","653","0","590","0","4.90","664","2.08","N","Y","N","1.本公司從事精密零組件製造，製造產線均設置在台灣並持續擴廠增加產能，製程中需要大量基礎人員，
故直接人員佔比約60%、外籍勞工佔約16%。
2.由於110年度新進人員流動率20%，故影響薪資水平。",
"光電業","7402","邑錡","48931","56","874","824","775","709","1.56","820","1.93","N","N","N","",
"半導體業","7556","意德士科技","16899","20","845","754","832","683","4.62","1296","7.57","N","N","N","",
"半導體業","8024","佑華","90411","84","1076","879","967","821","1.68","1296","7.57","N","N","N","",
"電機機械","8027","鈦昇","176951","231","766","739","691","665","2.62","664","2.08","N","N","N","",
"電子通路業","8032","光菱","138438","98","1413","1046","1345","1007","2.91","774","1.27","N","N","N","",
"通信網路業","8034","榮群","63991","71","901","795","805","689","1.28","832","1.84","N","N","N","",
"電子零組件業","8038","長園科","22138","34","651","601","499","439","-2.05","729","2.59","N","N","N","",
"半導體業","8040","九暘","163541","102","1603","1380","1504","1290","0.91","1296","7.57","N","N","N","",
"電子零組件業","8042","金山電","42403","58","731","668","606","525","1.24","729","2.59","N","N","N","",
"電子零組件業","8043","蜜望實","68748","89","772","670","612","583","1.76","729","2.59","N","N","N","",
"數位雲端","8044","網家","1087351","1628","668","707","527","502","0.84","720","4.41","N","N","N","",
"其他電子業","8047","星雲","92394","124","745","719","649","628","0.43","856","3.74","N","N","N","",
"通信網路業","8048","德勝","85744","108","794","767","724","673","2.94","832","1.84","N","Y","N","依各職位工作繁簡、責任輕重適當給薪，按當年度經營成果訂定獎金發放基數依考核結果及在職期間作為發放依據。另公司章程規定年度如有獲利(稅前淨利扣除分派員工及董事酬勞前淨利)，提撥百分之七至十作為員工酬勞",
"光電業","8049","晶采","106454","139","766","699","588","536","2.61","820","1.93","N","Y","N","本司為光電業,其歸類實屬廣泛,且每家生產型態不同,部份公司在台並無生產作業人員,因此平均薪資較高,故比較基礎殊不一致。
本公司之員工分紅制度,係按稅前淨利5~12%提撥,故而公司經營績效好,員工薪酬自然增加。",
"電腦及週邊設備業","8050","廣積","340338","476","715","632","573","529","2.69","828","5.18","N","N","N","",
"半導體業","8054","安國","93520","64","1461","1158","1296","1037","3.25","1296","7.57","N","N","N","",
"通信網路業","8059","凱碩","72781","76","958","750","891","520","-0.80","832","1.84","N","N","N","",
"光電業","8064","東捷","454214","515","882","800","808","760","2.12","820","1.93","N","N","N","",
"居家生活","8066","來思達","13201","18","733","766","692","673","1.11","618","5.32","N","N","N","",
"電子通路業","8067","志旭","16298","36","453","447","385","375","-0.92","774","1.27","Y","N","N","1.本公司110年美妝專櫃人員有9位, 而使年度平均新資數較低
2.110年未提列員工紅利報酬.",
"電子通路業","8068","全達","17913","23","779","773","757","738","-0.52","774","1.27","N","N","N","",
"光電業","8069","元太","1145288","891","1285","1172","1100","1014","4.53","820","1.93","N","N","N","",
"電子零組件業","8071","能率網通","5113","9","568","539","576","518","1.11","729","2.59","N","N","N","",
"電子零組件業","8074","鉅橡","135861","230","591","563","555","519","0.94","729","2.59","N","N","N","",
"電腦及週邊設備業","8076","伍豐","182751","220","831","703","714","634","0.55","828","5.18","N","N","N","",
"觀光餐旅","8077","洛碁","85696","210","408","397","386","368","-3.30","498","-0.73","Y","N","N","110年度受新冠肺炎疫情影響，全台北住宿率雖較前年提升，但國境尚未開放仍直接影響房務人員每月的房務津貼，且本公司於8~10月實施休息減班及充電再出發計畫，高於基本工資的部份由勞動部支付，故影響薪資平均數。",
"建材營造","8080","永利聯合","2573","5","515","476","525","475","-1.21","902","2.00","N","N","N","",
"電機機械","8083","瑞穎","152517","155","984","999","954","934","10.08","664","2.08","N","N","N","",
"電子通路業","8084","巨虹","14702","17","865","697","743","645","-0.83","774","1.27","N","N","N","",
"其他電子業","8085","福華","132303","234","565","558","530","492","0.24","856","3.74","N","N","N","",
"半導體業","8086","宏捷科","670831","815","823","739","746","668","4.29","1296","7.57","N","N","N","",
"綠能環保","8087","華鎂鑫","17338","35","495","355","412","336","-0.84","804","2.92","Y","N","N","本公司110年度營業收入較同期109年度成長7.54%，110年度非擔任主管職務之平均員工薪資較109年度增加39.4%；本公司因光碟業務持續衰退而虧損，且多數員工為基層員工，故平均員工薪資尚屬合理。",
"半導體業","8088","品安","280502","596","471","490","409","355","1.64","1296","7.57","Y","N","N","110年受疫情嚴重影響，獲利遜於同期，影響全年度獎金發放
產業代工生產線人員(佔70%),原薪資水平稍低於同業
外籍移工人數佔25%，整體薪資水平略低同業我司規畫111年員工調薪,預期員工薪酬可獲得改善",
"通信網路業","8089","康全電訊","154434","136","1136","1122","977","1056","-0.46","832","1.84","N","N","N","",
"電子零組件業","8091","翔名","257831","327","788","780","665","695","5.92","729","2.59","N","N","N","",
"其他電子業","8092","建暐","88928","179","497","480","449","437","-0.58","856","3.74","Y","N","N","主係
1.受疫情影響  訂單及營收未回復正常水準
  整體營收及接單狀況仍屬低彌
  公司虧損致調薪及獎金仍未增加
  固非經理人之全時員工薪資平均數
  未達50萬元",
"電子零組件業","8093","保銳","50797","78","651","722","569","651","-0.83","729","2.59","N","N","N","",
"電子通路業","8096","擎亞","53951","46","1173","1107","1169","988","1.13","774","1.27","N","N","N","",
"通信網路業","8097","常珵","14819","23","644","620","501","484","-0.31","832","1.84","N","N","N","",
"資訊服務業","8099","大世科","378098","504","750","726","636","629","2.01","889","3.13","N","N","N","",
"電機機械","8107","大億金茂","78487","135","581","643","476","482","0.27","664","2.08","N","N","Y","1.EPS較前一年度成長主係業外認列金融商品利益所致，本業並無明顯成長。
2.109年下半年至110年中階主管及資深員工離職人數較多，公司增補人力多為基層生產員工，導致拉低平均薪資。",
"電子零組件業","8109","博大","172104","246","700","640","624","567","5.28","729","2.59","N","Y","N","本公司較同業為低，係因本公司組織扁平且生產相關作業人員多。
扣掉經理人後，較高薪之非經理人主管人數少且職務均僅止於經理層級；若以副課長層級以上其佔比不到10%，因此相對薪資平均數低於同業水準係屬合理。",
"光電業","8111","立碁","142881","199","718","684","638","628","3.61","820","1.93","N","Y","N","設廠台灣，生產製造員工佔比近5成，流動性較大，且有1成為外籍員工，因人力結構上的差異造成平均薪資上的落差，且為反映110年的經營績效，111年均已調薪。",
"電子零組件業","8121","越峰","104746","117","895","821","819","749","0.32","729","2.59","N","N","N","",
"電子零組件業","8147","正淩","62832","91","690","636","603","564","1.29","729","2.59","N","N","N","",
"電子零組件業","8155","博智","484819","725","669","661","602","569","7.85","729","2.59","N","Y","N","本公司屬勞力密集產業，僅在台灣生產；直接人力佔總人力76%，其中外籍移工又佔總人力25%，因而拉低整體平均薪資。雖110年每股盈餘較109年減少，但公司致力員工薪酬福利調整，平均薪資仍然成長。",
"綠能環保","8171","天宇","21865","42","521","469","473","370","-1.22","804","2.92","N","N","N","",
"通信網路業","8176","智捷","43907","51","861","874","825","853","-0.88","832","1.84","N","N","Y","公司EPS雖較前一年度成長,但仍為虧損階段且非經理人之全時員工薪資平均數減少原因為部份資深員工離職所致。員工薪給參照市場行情、公司營運狀況及市場動態而調整。110年度非經理人員工之個別薪資調幅為：0%~20.7%。",
"電子零組件業","8182","加高","217316","355","612","565","517","477","4.76","729","2.59","N","Y","N","因本公司產業特性因素，基層作業人員比重較高，致非主管職務之全時員工薪資平均數較低。",
"其他電子業","8183","精星","134080","241","556","576","456","492","4.16","856","3.74","N","Y","Y","110年精星獲利500,402千元，其中屬境外轉投資收益573,315千元，台灣廠本身為虧損狀態。
因獲利來源為境外轉投資公司貢獻，且依獲利提撥之員工分紅係於隔年發放，故無法直接反應至100年度台灣員工薪資上。",
"電腦及週邊設備業","8234","新漢","553006","791","699","697","603","612","1.00","828","5.18","N","N","N","",
"光電業","8240","華宏","436784","597","732","669","647","468","4.39","820","1.93","N","Y","N","本年度EPS提升主要係因,轉投資公司-青島長宏之拆遷補償收入293,302(仟元)貢獻EPS約2.99元;另台灣之生產基地位於台南官田及高雄燕巢,其消費水平較低;以致本年度EPS高於同業平均數,非經理人薪資平均數低於同業水準。",
"電機機械","8255","朋程","457992","627","730","653","597","537","5.25","664","2.08","N","N","N","",
"半導體業","8277","商丞","37304","53","704","673","552","537","-0.78","1296","7.57","N","N","N","",
"生技醫療業","8279","生展","213543","338","632","604","557","524","8.77","714","1.38","N","Y","N","1.110年度本公司營業績效之達成狀況不如預期，致公司員工績效獎金減少。
2.現場人力擴編，基層員工平均年資偏低。
3.因現場直接人力較無技術性門檻、工作替代性高，人員流動率高。",
"資訊服務業","8284","三竹","249139","302","825","868","761","783","4.06","889","3.13","N","Y","Y","本公司109年下半年至110年上半年招募了許多非經驗豐富之同仁進行培訓，因此110年下半年度雖然有針對許多工程師大幅調薪，但還是無法拉高110年整體的平均薪資。",
"電子零組件業","8289","泰藝","136799","192","712","556","609","474","3.12","729","2.59","N","Y","N","因雇用外勞和學校實習生的人數增加.",
"電子零組件業","8291","尚茂","41784","84","497","485","469","458","-0.66","729","2.59","Y","N","N","茲因本公司110年度持續受到新型冠狀肺炎(Covid-19)影響，營業額較109年度衰退7.64%，生產稼動率較前一年度整體下降，造成加班時數減少，導致非經理人之全時員工薪資平均數未達50萬元。",
"半導體業","8299","群聯","6433567","2403","2677","2869","2176","2332","41.34","1296","7.57","N","N","N","",
"其他","8342","益張","108936","234","466","582","379","468","3.73","669","1.90","Y","Y","N","外籍勞工薪資偏低及人數占比高達25%，故拉低整體平均薪資。",
"鋼鐵工業","8349","恒耀國際","302705","456","664","589","606","529","3.03","857","3.17","N","N","N","",
"其他","8354","冠好","93329","176","530","511","513","475","3.06","669","1.90","N","Y","N","公司EPS獲利表現較同業為佳，惟非經理人之
全時員工薪資平均數低於同業水準原因-
公司110年EPS大幅增加原因為出售不動產獲利之業外收入，非本業大幅獲利，所以員工薪資平均數並未大幅成長。",
"電子零組件業","8358","金居","231219","291","795","732","750","705","6.03","729","2.59","N","N","N","",
"其他電子業","8383","千附","224605","367","612","599","536","534","2.67","856","3.74","N","N","N","",
"綠能環保","8390","金益鼎","118224","124","953","784","862","721","3.47","804","2.92","N","N","N","",
"其他","8401","白紗科","272186","433","629","607","580","568","1.96","669","1.90","N","N","N","",
"生技醫療業","8403","盛弘","93205","117","797","766","647","664","2.04","714","1.38","N","N","N","",
"生技醫療業","8409","商之器","72352","105","689","664","596","602","-0.73","714","1.38","N","N","N","",
"電腦及週邊設備業","8410","森田","148831","221","673","699","651","667","1.14","828","5.18","N","N","N","",
"鋼鐵工業","8415","大國鋼","72660","56","1298","658","879","578","3.50","857","3.17","N","N","N","",
"資訊服務業","8416","實威","179464","204","880","876","797","753","11.35","889","3.13","N","Y","N","主係110年疫情不確定因素，員工離職率成長近6%，影響薪資平均數未能與盈收同步成長；參酌同業人才薪資水準，及因應疫後求才市場狀況，已著手規劃提昇員工整體薪資福利水平。",
"運動休閒","8420","明揚","392568","489","803","528","741","503","4.64","712","5.56","N","N","N","",
"其他","8421","旭源","146475","243","603","566","512","480","-2.07","669","1.90","N","N","N","",
"建材營造","8424","惠普","105729","145","729","664","673","623","4.61","902","2.00","N","Y","N","本公司係矽酸鈣板製造業，屬建材下游產業，加工技術層次較低且所需學歷普遍較低之下，薪資可能較低。惟公司獲利主要緣於產業之供需及有效良善管理。近年公司依舊維持在2~3%之穩定調薪，提供良善之薪資環境。",
"其他電子業","8431","匯鑽科","9835","15","656","630","666","537","4.24","856","3.74","N","Y","N","本公司生產基地都在海外, 台灣人員多為基本辦公室人員，人員配置相較於其他公司來得簡單。本公司工廠都在海外, 生產提高是增加當地人手的直接當地公司聘用跟配置。",
"生技醫療業","8432","東生華","67082","63","1065","1117","863","948","1.23","714","1.38","N","N","N","",
"居家生活","8433","弘帆","15383","22","699","578","640","501","4.00","618","5.32","N","N","N","",
"其他","8435","鉅邁","92395","72","1283","1200","1184","1179","4.03","669","1.90","N","N","N","",
"生技醫療業","8436","大江","539701","569","949","1028","842","923","13.17","714","1.38","N","N","N","",
"綠能環保","8440","綠電","74469","110","677","579","578","512","1.37","804","2.92","N","N","N","",
"文化創意業","8446","華研","52892","71","745","746","644","699","6.56","1063","5.55","N","Y","N","本公司為流行音樂公司，同類股包含線上遊戲、文創百貨、教育平台等，不易比較。本公司衡量員工表現與公司獲利關係，並觀察市場薪資變化，適時調整。110年獲利減少，員工酬勞及獎金減少，故平均薪資未能提升。",
"文化創意業","8450","霹靂","127879","260","492","424","443","388","-4.60","1063","5.55","Y","N","N","本年度獲利狀況不佳致無發放員工業務獎金等",
"數位雲端","8472","夠麻吉","108260","153","708","816","589","678","0.61","720","4.41","N","N","N","",
"綠能環保","8476","台境","55125","94","586","558","519","506","-0.49","804","2.92","N","N","N","",
"數位雲端","8477","創業家","102081","163","626","633","503","498","-1.06","720","4.41","N","N","N","",
"其他","8489","三貝德","46445","102","455","443","411","414","-0.79","669","1.90","Y","N","N","因應教育政策課綱變化，產品內容調整更新過程，相關編輯及課程單位人力整合亦朝向年輕化，故相對資歷於薪資級距上與資深人員薪資即有差異，員工薪資中位數與前一年度差異不大，薪資水準與公司營運績效連結尚屬合理。",
"其他","8905","裕國","99941","186","537","479","491","445","2.53","669","1.90","N","N","N","",
"其他","8906","花王","33042","64","516","509","456","442","0.10","669","1.90","N","N","N","",
"油電燃氣業","8908","欣雄","81888","119","688","742","627","625","2.16","682","1.61","N","N","Y","110年員工薪資平均數較上年減少54仟元，原因主係110年度經理人異動，原屬非經理人之員工，於110年調整為經理人，使非經理人員工年平均薪資減少。",
"其他","8916","光隆","215105","241","893","918","738","734","3.58","669","1.90","N","N","Y","109年因有三位副總級主管職務異動，列入非主管職員工，故110年薪資平均數稍微略減。",
"油電燃氣業","8917","欣泰","161552","154","1049","1099","952","1011","2.21","682","1.61","N","N","N","",
"其他","8921","沈氏","109185","159","687","656","629","619","0.31","669","1.90","N","N","N","",
"文化創意業","8923","時報","73174","127","576","602","562","608","1.00","1063","5.55","N","N","Y","因110年本公司之中階員工離職人數較多，且新進人員的起薪較低，故員工薪資總額較109年為低。

  綜合上述原因，故110年非經理人之全時員工「薪資平均數」較109年為低，並無異常。",
"運動休閒","8924","大田","224570","178","1262","842","1141","563","20.15","712","5.56","N","N","N","",
"油電燃氣業","8927","北基","178969","407","440","436","399","393","0.69","682","1.61","Y","N","N","基於產業特性，以工讀及兼職人力居多，流動率高。110年全年度兼職人員佔比約60%，依110年相關法令規定計算，兼職年薪約28.8萬元。
故無法滿足平均年薪50萬以上之水平。",
"運動休閒","8928","鉅明","577368","1074","538","469","498","435","4.70","712","5.56","N","Y","N","1.員工薪資-平均數由109年的469仟元，增加為110年的538仟元，增加金額69仟元，增加幅度14.71%。
2.同業EPS：復盛18.03、大田20.15、明安10.01、鉅明4.70，本公司EPS獲利表現並未較同業佳。",
"其他","8929","富堡","38688","77","502","483","466","439","-1.32","669","1.90","N","N","N","",
"鋼鐵工業","8930","青鋼","74625","107","697","601","622","546","1.00","857","3.17","N","N","N","",
"油電燃氣業","8931","大汽電","152743","163","937","964","861","874","1.39","682","1.61","N","N","N","",
"其他","8932","智通","127148","239","532","478","490","452","-1.21","669","1.90","N","N","N","",
"運動休閒","8933","愛地雅","138107","261","529","385","489","342","0.29","712","5.56","N","N","N","",
"其他","8935","邦泰","40490","71","570","515","529","477","0.52","669","1.90","N","N","N","",
"其他","8936","國統","103895","208","499","615","445","542","1.81","669","1.90","Y","N","Y","依該計算方式：不滿6個月之新進或離職人員並無納入。本公司110／6月前離職人數為20 ;新進人數為14(未滿6個月)。又因離職人員給薪較高，在加上上述人員離職及報到時期未能銜接，以致110年與109年的薪資平均出現差異。",
"其他","8937","合騏","40667","81","502","463","422","411","-0.79","669","1.90","N","N","N","",
"運動休閒","8938","明安","906653","1057","858","720","672","619","10.01","712","5.56","N","N","N","",
"居家生活","8941","關中","8926","12","744","688","750","697","3.60","618","5.32","N","N","N","",
"其他","8942","森鉅","132713","208","638","650","551","582","7.81","669","1.90","N","Y","Y","本公司薪資報酬委員會定期討論相關薪酬給付標準及制度之檢討，並以公司整體營運狀況為主要考量，均衡各種風險因素後而為之；經營績效之成果將影響年終激勵獎金之發放。",
"文化創意業","9949","琉園","47122","88","535","491","481","444","-0.76","1063","5.55","N","N","N","",
"塑膠工業","9950","萬國通","170426","451","378","348","355","315","-4.21","432","-0.72","Y","N","N","因公司連續虧損，員工薪資未作調整，但年平均薪資，還是在基本薪資之上。",
"電機機械","9951","皇田","403531","676","597","570","522","502","5.33","664","2.08","N","Y","N","本司110年度每股盈餘較109年度衰退20.33%，惟員工平均薪資仍較109年度成長4.74%，亦於111年度進行薪資調整，後續也將逐步調漲本司員工薪資。",
"運動休閒","9960","邁達康","41670","80","521","476","486","427","2.54","712","5.56","N","N","N","",
"鋼鐵工業","9962","有益","44275","73","607","525","609","507","1.55","857","3.17","N","N","N","",